S0-T0,S0-T1,S0-T2,S0-T3,S0-T4,S0-T5,S0-T6,S0-T7,S1-T0,S1-T1,S1-T2,S1-T3,S1-T4,S1-T5,S1-T6,S1-T7,
pictur (0.041),great (0.030),pictur (0.040),amazon (0.030),pictur (0.050),pictur (0.031),app (0.043),pictur (0.038),app (0.050),smart (0.034),screen (0.029),samsung (0.032),nt (0.030),hdmi (0.029),problem (0.032),remot (0.039),
set (0.026),pictur (0.023),great (0.038),great (0.026),great (0.040),great (0.025),great (0.040),great (0.031),nt (0.037),samsung (0.031),nt (0.026),servic (0.027),samsung (0.021),nt (0.026),nt (0.026),nt (0.027),
nt (0.022),good (0.021),good (0.023),pictur (0.020),good (0.037),good (0.019),good (0.030),good (0.020),work (0.036),app (0.028),set (0.021),call (0.026),problem (0.018),sound (0.021),turn (0.023),button (0.020),
good (0.022),nt (0.020),set (0.018),samsung (0.020),sound (0.031),nt (0.018),work (0.027),set (0.020),kindl (0.033),nt (0.026),pictur (0.016),nt (0.022),stand (0.015),cabl (0.019),work (0.021),control (0.019),
great (0.020),smart (0.018),qualiti (0.017),purchas (0.019),qualiti (0.029),set (0.016),nt (0.025),nt (0.017),watch (0.026),netflix (0.022),notic (0.015),problem (0.019),year (0.014),audio (0.018),samsung (0.020),set (0.018),
color (0.016),samsung (0.018),nt (0.016),price (0.019),price (0.023),samsung (0.016),watch (0.021),qualiti (0.016),fire (0.021),work (0.021),watch (0.014),custom (0.017),set (0.014),connect (0.017),year (0.018),channel (0.017),
qualiti (0.016),work (0.017),color (0.015),buy (0.019),set (0.017),price (0.015),pictur (0.017),sound (0.015),xfiniti (0.019),connect (0.016),light (0.014),amazon (0.016),review (0.012),problem (0.015),time (0.017),pictur (0.015),
samsung (0.013),app (0.016),price (0.014),good (0.017),nt (0.015),qualiti (0.013),movi (0.012),easi (0.015),time (0.019),updat (0.015),problem (0.013),day (0.016),buy (0.011),set (0.015),power (0.016),turn (0.013),
better (0.011),3d (0.015),work (0.012),nt (0.017),nice (0.012),sound (0.012),love (0.012),cabl (0.014),problem (0.014),amazon (0.014),black (0.011),repair (0.015),screen (0.011),input (0.014),set (0.016),work (0.013),
black (0.010),featur (0.015),game (0.012),set (0.014),samsung (0.011),hdtv (0.012),nice (0.010),work (0.013),comcast (0.014),time (0.014),samsung (0.011),time (0.014),mount (0.010),port (0.013),month (0.015),time (0.012),
review (0.010),set (0.012),screen (0.012),servic (0.013),work (0.010),work (0.011),time (0.010),remot (0.011),download (0.014),problem (0.013),color (0.010),replac (0.014),purchas (0.010),video (0.012),screen (0.013),sound (0.011),
watch (0.010),nice (0.011),nice (0.009),day (0.012),bought (0.009),best (0.011),qualiti (0.010),hd (0.011),play (0.010),internet (0.011),issu (0.010),week (0.012),sound (0.010),work (0.011),issu (0.012),problem (0.010),
screen (0.010),remot (0.011),sound (0.009),product (0.011),easi (0.009),hd (0.011),set (0.009),input (0.011),freez (0.009),video (0.011),bad (0.009),ship (0.012),qualiti (0.010),speaker (0.011),start (0.011),screen (0.010),
bright (0.009),netflix (0.010),monitor (0.008),time (0.011),purchas (0.009),hdmi (0.010),smart (0.009),channel (0.010),hd (0.009),stream (0.010),dark (0.009),purchas (0.012),screw (0.010),output (0.010),buy (0.010),input (0.009),
buy (0.009),watch (0.009),rate (0.008),qualiti (0.011),screen (0.009),watch (0.009),sound (0.009),hdmi (0.010),disappoint (0.008),buy (0.010),pixel (0.009),work (0.012),warranti (0.010),pictur (0.009),televis (0.010),chang (0.009),
best (0.008),connect (0.009),samsung (0.008),best (0.011),love (0.008),purchas (0.009),remot (0.008),price (0.010),video (0.007),set (0.009),turn (0.008),told (0.011),issu (0.010),system (0.009),bought (0.010),volum (0.009),
view (0.008),qualiti (0.009),black (0.008),deliveri (0.010),size (0.008),plasma (0.009),video (0.008),nice (0.009),better (0.007),issu (0.009),view (0.008),return (0.011),base (0.009),hook (0.008),sound (0.010),cabl (0.008),
price (0.008),time (0.008),excel (0.007),lg (0.010),buy (0.008),better (0.009),samsung (0.008),connect (0.009),program (0.007),hub (0.009),time (0.008),month (0.011),pictur (0.009),box (0.008),remot (0.009),samsung (0.008),
plasma (0.008),price (0.008),watch (0.007),review (0.010),room (0.008),lcd (0.009),connect (0.007),box (0.008),movi (0.007),support (0.009),bright (0.007),issu (0.011),wall (0.009),issu (0.008),lg (0.008),speaker (0.007),
movi (0.007),buy (0.008),plasma (0.007),work (0.010),speaker (0.007),buy (0.008),price (0.007),featur (0.008),set (0.007),watch (0.009),imag (0.007),warranti (0.011),time (0.008),player (0.008),pictur (0.008),thing (0.007),
room (0.007),internet (0.007),movi (0.007),ship (0.009),clear (0.007),soni (0.008),netflix (0.007),setup (0.008),cabl (0.007),wireless (0.009),plasma (0.007),set (0.011),work (0.007),watch (0.007),replac (0.008),box (0.007),
adjust (0.007),screen (0.007),refresh (0.006),screen (0.009),excel (0.007),1080p (0.008),download (0.007),excel (0.008),lot (0.007),softwar (0.008),room (0.007),screen (0.010),price (0.007),compon (0.007),week (0.008),power (0.007),
led (0.007),purchas (0.007),better (0.006),custom (0.008),recommend (0.007),connect (0.008),wifi (0.007),screen (0.007),channel (0.006),featur (0.008),qualiti (0.007),send (0.009),bad (0.007),play (0.007),day (0.008),find (0.006),
issu (0.007),movi (0.007),best (0.006),bought (0.008),best (0.007),recommend (0.007),issu (0.007),watch (0.006),amazon (0.006),remot (0.008),movi (0.007),support (0.009),replac (0.007),pc (0.007),purchas (0.008),watch (0.006),
contrast (0.007),better (0.007),bright (0.006),order (0.008),year (0.007),movi (0.007),internet (0.006),digit (0.006),bad (0.006),browser (0.008),led (0.007),product (0.009),product (0.006),screen (0.007),warranti (0.008),menu (0.006),
3d (0.007),bought (0.007),clear (0.006),recommend (0.008),review (0.006),cabl (0.007),cabl (0.006),video (0.006),devic (0.006),youtub (0.008),lg (0.006),buy (0.008),remot (0.006),dvd (0.007),bad (0.007),connect (0.006),
nice (0.006),issu (0.007),hdmi (0.006),happi (0.007),happi (0.006),screen (0.007),amazon (0.006),samsung (0.006),player (0.006),web (0.007),corner (0.006),deliveri (0.008),bought (0.006),buy (0.007),minut (0.007),qualiti (0.006),
time (0.006),amazon (0.007),led (0.006),model (0.007),better (0.006),time (0.007),kindl (0.006),antenna (0.006),buffer (0.006),network (0.007),game (0.006),box (0.008),speaker (0.006),digit (0.007),second (0.006),bad (0.006),
sharp (0.006),love (0.006),featur (0.006),return (0.007),perfect (0.006),nice (0.006),xfiniti (0.006),amaz (0.005),fine (0.006),play (0.007),disappoint (0.006),order (0.007),better (0.006),samsung (0.007),vizio (0.006),easi (0.006),
imag (0.006),best (0.006),light (0.006),year (0.007),color (0.006),player (0.006),featur (0.006),play (0.005),issu (0.006),wifi (0.006),scene (0.006),receiv (0.007),disappoint (0.006),qualiti (0.007),product (0.006),second (0.006),
soni (0.006),video (0.006),play (0.006),better (0.006),product (0.006),game (0.006),comcast (0.005),love (0.005),pictur (0.006),slow (0.006),panel (0.006),hour (0.007),read (0.006),receiv (0.006),model (0.006),press (0.005),
thing (0.006),wireless (0.006),3d (0.006),week (0.006),month (0.005),amaz (0.006),awesom (0.005),option (0.005),connect (0.005),thing (0.006),day (0.005),compani (0.007),tvs (0.006),support (0.006),unplug (0.006),featur (0.005),
sound (0.006),sound (0.006),amaz (0.005),soni (0.006),expect (0.005),year (0.006),screen (0.005),control (0.005),load (0.005),bought (0.006),sound (0.005),wait (0.007),find (0.006),bad (0.006),thing (0.006),function (0.005),
work (0.006),stream (0.006),box (0.005),excel (0.006),system (0.005),love (0.006),best (0.005),time (0.005),live (0.005),call (0.006),lcd (0.005),year (0.006),thing (0.006),jack (0.006),repair (0.006),adjust (0.005),
lot (0.006),glass (0.005),120hz (0.005),love (0.006),featur (0.005),featur (0.006),live (0.005),game (0.005),updat (0.005),roku (0.005),model (0.005),bad (0.006),amazon (0.006),channel (0.006),shut (0.005),program (0.005),
mode (0.006),easi (0.005),lcd (0.005),sound (0.006),televis (0.005),input (0.006),favorit (0.005),fine (0.005),servic (0.005),purchas (0.005),return (0.005),arriv (0.006),panason (0.006),better (0.006),qualiti (0.005),manual (0.005),
light (0.006),thing (0.005),perfect (0.005),month (0.006),smart (0.005),televis (0.005),buy (0.005),purchas (0.005),start (0.005),pictur (0.005),work (0.005),soni (0.006),box (0.006),1080p (0.006),unit (0.005),display (0.005),
amaz (0.006),recommend (0.005),recommend (0.005),call (0.005),time (0.005),color (0.005),program (0.005),hdtv (0.005),error (0.005),start (0.005),review (0.005),tech (0.006),soni (0.005),hd (0.006),hdmi (0.005),audio (0.005),
model (0.005),model (0.005),input (0.005),box (0.005),high (0.005),dvd (0.005),play (0.005),lot (0.005),commerci (0.005),access (0.005),120hz (0.005),contact (0.006),turn (0.005),time (0.006),board (0.005),annoy (0.005),
dark (0.005),wifi (0.005),love (0.005),deliv (0.005),bedroom (0.005),bought (0.005),recommend (0.005),color (0.005),netflix (0.005),devic (0.005),better (0.005),defect (0.006),unit (0.005),rca (0.005),fail (0.005),issu (0.005),
calibr (0.005),softwar (0.005),motion (0.005),store (0.005),remot (0.004),high (0.005),channel (0.005),signal (0.005),stream (0.005),screen (0.005),side (0.005),phone (0.005),return (0.005),optic (0.005),lcd (0.005),smart (0.005),
turn (0.005),keyboard (0.005),beauti (0.005),read (0.005),watch (0.004),led (0.005),purchas (0.005),view (0.005),volum (0.004),turn (0.005),motion (0.004),help (0.005),lg (0.005),purchas (0.005),return (0.005),bit (0.004),
hd (0.005),experi (0.005),lot (0.005),nice (0.005),amaz (0.004),system (0.005),pretti (0.005),dvd (0.004),pay (0.004),keyboard (0.005),left (0.004),bought (0.005),lcd (0.005),movi (0.005),call (0.005),review (0.004),
panason (0.005),televis (0.005),buy (0.005),free (0.005),decent (0.004),month (0.005),hd (0.005),hook (0.004),week (0.004),model (0.005),box (0.004),pictur (0.005),custom (0.005),turn (0.005),ago (0.005),hdmi (0.004),
bought (0.005),youtub (0.004),video (0.005),deal (0.005),light (0.004),awesom (0.005),thing (0.005),better (0.004),screen (0.004),servic (0.005),soni (0.004),number (0.005),model (0.005),vga (0.005),help (0.004),better (0.004),
purchas (0.004),updat (0.004),issu (0.005),perfect (0.004),awesom (0.004),video (0.005),find (0.004),best (0.004),samsung (0.004),prime (0.004),lot (0.004),damag (0.005),month (0.005),usb (0.005),updat (0.004),day (0.004),
excel (0.004),support (0.004),size (0.004),experi (0.004),model (0.004),excel (0.005),network (0.004),perfect (0.004),instal (0.004),review (0.004),purchas (0.004),cost (0.005),big (0.005),comput (0.005),light (0.004),setup (0.004),
recommend (0.004),happi (0.004),amazon (0.004),watch (0.004),money (0.004),bluray (0.005),stream (0.004),smart (0.004),day (0.004),fine (0.004),backlight (0.004),final (0.004),expect (0.005),signal (0.005),cabl (0.004),help (0.004),
notic (0.004),amaz (0.004),bought (0.004),money (0.004),wall (0.004),box (0.005),updat (0.004),display (0.004),limit (0.004),load (0.004),top (0.004),unit (0.004),connect (0.005),resolut (0.005),plug (0.004),receiv (0.004),
lcd (0.004),lg (0.004),thing (0.004),lcd (0.004),compar (0.004),monitor (0.004),easi (0.004),imag (0.004),wo (0.004),function (0.004),3d (0.004),turn (0.004),led (0.004),thing (0.005),button (0.004),switch (0.004),
love (0.004),product (0.004),easi (0.004),save (0.004),issu (0.004),smart (0.004),star (0.004),turn (0.004),star (0.004),movi (0.004),thing (0.004),email (0.004),servic (0.004),display (0.005),review (0.004),devic (0.004),
clear (0.004),box (0.004),cabl (0.004),arriv (0.004),audio (0.004),happi (0.004),servic (0.004),issu (0.004),sound (0.004),hulu (0.004),burn (0.004),item (0.004),attach (0.004),game (0.005),reset (0.004),light (0.004),
pretti (0.004),turn (0.004),purchas (0.004),issu (0.004),deal (0.004),perfect (0.004),day (0.004),bought (0.004),content (0.004),download (0.004),glare (0.004),disappoint (0.004),panel (0.004),monitor (0.004),peopl (0.004),select (0.004),
featur (0.004),day (0.004),time (0.004),replac (0.004),pretti (0.004),channel (0.004),bought (0.004),happi (0.004),wast (0.004),disappoint (0.004),buzz (0.004),updat (0.004),plasma (0.004),day (0.004),amazon (0.004),updat (0.004),
level (0.004),includ (0.004),high (0.004),brand (0.004),movi (0.004),definit (0.004),better (0.004),monitor (0.004),price (0.004),bad (0.004),edg (0.004),guy (0.004),cheap (0.004),bought (0.004),box (0.004),option (0.004),
remot (0.004),devic (0.004),60hz (0.004),receiv (0.004),live (0.004),compar (0.004),view (0.004),thing (0.004),hope (0.004),year (0.004),bottom (0.004),deliv (0.004),receiv (0.004),sourc (0.004),hour (0.004),system (0.004),
display (0.004),review (0.004),awesom (0.004),thing (0.004),soni (0.004),inch (0.004),review (0.004),buy (0.004),internet (0.004),comput (0.004),peopl (0.004),thing (0.004),day (0.004),extern (0.004),fine (0.004),lot (0.004),
perfect (0.004),player (0.004),fast (0.004),unit (0.004),hd (0.004),3d (0.004),worth (0.004),tuner (0.004),user (0.004),better (0.004),play (0.004),sound (0.004),deal (0.004),amazon (0.004),smart (0.004),return (0.004),
high (0.004),control (0.004),expect (0.004),help (0.004),stand (0.004),audio (0.004),lot (0.004),audio (0.004),rate (0.004),minut (0.004),buy (0.004),hope (0.003),light (0.004),surround (0.004),tvs (0.004),movi (0.004),
white (0.004),light (0.004),model (0.004),expect (0.004),box (0.004),speaker (0.004),happi (0.003),pretti (0.004),find (0.004),phone (0.004),nois (0.004),televis (0.003),defect (0.004),bluray (0.004),three (0.004),app (0.004),
box (0.004),year (0.004),turn (0.004),featur (0.004),amazon (0.004),display (0.004),fire (0.003),amazon (0.004),thing (0.004),box (0.004),terribl (0.004),model (0.003),call (0.004),review (0.004),inch (0.004),basic (0.003),
year (0.004),interfac (0.004),thin (0.004),televis (0.004),small (0.004),day (0.004),control (0.003),pc (0.004),turn (0.004),return (0.004),bought (0.004),pay (0.003),week (0.004),remot (0.004),coupl (0.003),vizio (0.003),
bit (0.004),play (0.004),room (0.004),tvs (0.004),inch (0.004),amazon (0.004),audio (0.003),speaker (0.004),buy (0.004),error (0.004),reflect (0.004),remot (0.003),vizio (0.003),fine (0.004),input (0.003),support (0.003),
peopl (0.004),lot (0.004),connect (0.004),easi (0.004),unit (0.004),hook (0.004),turn (0.003),comput (0.004),qualiti (0.004),player (0.003),bit (0.004),better (0.003),inch (0.003),expect (0.004),video (0.003),play (0.003),
chang (0.004),tvs (0.003),remot (0.004),warranti (0.003),3d (0.003),imag (0.004),volum (0.003),light (0.004),phone (0.003),find (0.003),read (0.004),refund (0.003),cover (0.003),year (0.004),stay (0.003),complaint (0.003),
tvs (0.004),comput (0.003),crisp (0.004),local (0.003),bright (0.003),black (0.004),week (0.003),port (0.004),network (0.003),day (0.003),tvs (0.004),money (0.003),toshiba (0.003),chang (0.004),appear (0.003),dvd (0.003),
read (0.004),setup (0.003),sport (0.004),vizio (0.003),view (0.003),remot (0.004),year (0.003),room (0.004),help (0.003),router (0.003),featur (0.004),review (0.003),manufactur (0.003),disappoint (0.004),support (0.003),disappoint (0.003),
impress (0.004),money (0.003),sharp (0.004),hdtv (0.003),mount (0.003),panason (0.004),perfect (0.003),clear (0.003),view (0.003),search (0.003),dead (0.004),lg (0.003),audio (0.003),imag (0.004),find (0.003),touch (0.003),
angl (0.004),pretti (0.003),hd (0.004),item (0.003),vizio (0.003),replac (0.004),excel (0.003),high (0.003),custom (0.003),product (0.003),white (0.004),local (0.003),bewar (0.003),3d (0.004),featur (0.003),add (0.003),
awesom (0.003),worth (0.003),product (0.004),wait (0.003),fine (0.003),comput (0.004),3d (0.003),movi (0.003),month (0.003),sound (0.003),move (0.004),onlin (0.003),con (0.003),switch (0.003),disappoint (0.003),click (0.003),
money (0.003),web (0.003),day (0.004),amaz (0.003),find (0.003),model (0.004),fine (0.003),stand (0.003),select (0.003),month (0.003),annoy (0.004),peopl (0.003),flat (0.003),lg (0.003),click (0.003),list (0.003),
size (0.003),deal (0.003),panason (0.004),awesom (0.003),lot (0.003),lot (0.004),box (0.003),adjust (0.003),expect (0.003),onlin (0.003),adjust (0.004),panason (0.003),bottom (0.003),big (0.003),longer (0.003),mode (0.003),
standard (0.003),servic (0.003),1080p (0.004),decid (0.003),turn (0.003),review (0.004),select (0.003),player (0.003),review (0.003),final (0.003),televis (0.004),start (0.003),design (0.003),side (0.003),cost (0.003),low (0.003),
game (0.003),perfect (0.003),review (0.003),hope (0.003),cheap (0.003),issu (0.003),option (0.003),receiv (0.003),remot (0.003),second (0.003),week (0.004),exchang (0.003),repair (0.003),soni (0.003),black (0.003),start (0.003),
panel (0.003),access (0.003),comput (0.003),turn (0.003),bit (0.003),lg (0.003),game (0.003),app (0.003),version (0.003),custom (0.003),complet (0.003),minut (0.003),pay (0.003),devic (0.003),wo (0.003),call (0.003),
side (0.003),built (0.003),contrast (0.003),support (0.003),setup (0.003),receiv (0.003),freez (0.003),menu (0.003),option (0.003),cabl (0.003),angl (0.003),rep (0.003),hope (0.003),option (0.003),hook (0.003),slow (0.003),
vizio (0.003),soni (0.003),pc (0.003),3d (0.003),hdtv (0.003),room (0.003),speaker (0.003),chang (0.003),call (0.003),firmwar (0.003),bar (0.003),direct (0.003),watch (0.003),replac (0.003),notic (0.003),long (0.003),
updat (0.003),content (0.003),adjust (0.003),worth (0.003),led (0.003),compon (0.003),access (0.003),product (0.003),support (0.003),laptop (0.003),stand (0.003),cabl (0.003),consum (0.003),av (0.003),receiv (0.003),unit (0.003),
expect (0.003),game (0.003),option (0.003),feel (0.003),low (0.003),clear (0.003),reason (0.003),plug (0.003),account (0.003),tvs (0.003),help (0.003),watch (0.003),black (0.003),standard (0.003),led (0.003),view (0.003),
scene (0.003),find (0.003),replac (0.003),high (0.003),brand (0.003),play (0.003),hdmi (0.003),system (0.003),free (0.003),hour (0.003),hd (0.003),wrong (0.003),easi (0.003),plug (0.003),play (0.003),price (0.003),
compar (0.003),vizio (0.003),advertis (0.003),remot (0.003),surround (0.003),product (0.003),month (0.003),size (0.003),order (0.003),flash (0.003),remot (0.003),broken (0.003),hdmi (0.003),app (0.003),better (0.003),number (0.003),
tweak (0.003),awesom (0.003),pixel (0.003),satisfi (0.003),adjust (0.003),ray (0.003),fast (0.003),tvs (0.003),box (0.003),usb (0.003),fast (0.003),center (0.003),app (0.003),panason (0.003),watch (0.003),side (0.003),
day (0.003),big (0.003),imag (0.003),sale (0.003),lcd (0.003),resolut (0.003),includ (0.003),usb (0.003),year (0.003),tech (0.003),year (0.003),power (0.003),guess (0.003),return (0.003),servic (0.003),3d (0.003),
live (0.003),fine (0.003),view (0.003),offer (0.003),ago (0.003),rate (0.003),commerci (0.003),review (0.003),complaint (0.003),constant (0.003),spot (0.003),dead (0.003),thin (0.003),call (0.003),long (0.003),peopl (0.003),
cabl (0.003),network (0.003),netflix (0.003),cost (0.003),side (0.003),deal (0.003),minut (0.003),fantast (0.003),compat (0.003),reason (0.003),mode (0.003),offer (0.003),care (0.003),ps3 (0.003),wait (0.003),hand (0.003),
televis (0.003),function (0.003),app (0.003),plasma (0.003),start (0.003),view (0.003),support (0.003),black (0.003),frustrat (0.003),control (0.003),decid (0.003),experi (0.003),bit (0.003),model (0.003),star (0.003),left (0.003),
control (0.003),led (0.003),dark (0.003),smart (0.003),fantast (0.003),120hz (0.003),room (0.003),day (0.003),second (0.003),version (0.003),blur (0.003),find (0.003),support (0.003),color (0.003),control (0.003),read (0.003),
decid (0.003),power (0.003),money (0.003),guy (0.003),star (0.003),brand (0.003),product (0.003),program (0.003),pretti (0.003),interfac (0.003),small (0.003),long (0.003),control (0.003),price (0.003),thought (0.003),video (0.003),
thought (0.003),hd (0.003),internet (0.003),panason (0.002),satisfi (0.002),easi (0.003),buffer (0.003),unit (0.003),product (0.003),user (0.003),chang (0.003),qualiti (0.003),room (0.003),lag (0.003),imag (0.003),hit (0.003),
help (0.003),media (0.003),happi (0.003),stand (0.002),crisp (0.002),big (0.003),free (0.003),soni (0.003),purchas (0.003),hope (0.003),fine (0.003),toshiba (0.003),wrong (0.003),power (0.003),brand (0.003),extern (0.003),
find (0.003),usb (0.003),incred (0.003),big (0.002),lg (0.002),tvs (0.003),chang (0.003),recommend (0.003),allow (0.003),lot (0.003),video (0.003),second (0.003),concern (0.003),stand (0.003),wrong (0.003),small (0.003),
week (0.003),store (0.003),full (0.003),check (0.002),plasma (0.002),regular (0.003),custom (0.003),appear (0.003),requir (0.003),messag (0.002),area (0.003),tvs (0.003),top (0.003),smart (0.003),period (0.003),includ (0.003),
hdmi (0.003),input (0.003),tvs (0.003),peopl (0.002),tvs (0.002),program (0.003),replac (0.003),side (0.003),offer (0.003),site (0.002),price (0.003),board (0.002),brand (0.003),720p (0.003),final (0.003),imag (0.003),
big (0.003),call (0.003),ship (0.003),hour (0.002),reason (0.002),expect (0.003),color (0.003),replac (0.003),reason (0.003),instal (0.002),green (0.003),talk (0.002),televis (0.003),tvs (0.003),internet (0.003),expect (0.003),
smart (0.003),month (0.003),smart (0.003),second (0.002),imag (0.002),worth (0.003),function (0.003),function (0.003),hdmi (0.003),content (0.002),level (0.003),decid (0.002),size (0.003),featur (0.003),common (0.002),week (0.003),
worth (0.003),save (0.003),worth (0.003),lot (0.002),big (0.002),720p (0.003),player (0.003),deal (0.003),open (0.002),option (0.002),point (0.003),price (0.002),notic (0.003),theater (0.003),continu (0.002),wrong (0.003),
backlight (0.003),color (0.003),low (0.003),compani (0.002),thing (0.002),week (0.003),power (0.003),includ (0.003),close (0.002),peopl (0.002),thought (0.003),case (0.002),help (0.003),volum (0.003),contact (0.002),allow (0.003),
star (0.003),cabl (0.003),inch (0.003),led (0.002),day (0.002),absolut (0.003),return (0.003),month (0.003),hour (0.002),read (0.002),unit (0.003),hous (0.002),complaint (0.003),wireless (0.003),devic (0.002),design (0.003),
play (0.003),roku (0.002),big (0.003),play (0.002),replac (0.002),broadcast (0.003),annoy (0.002),broadcast (0.003),televis (0.002),expect (0.002),power (0.003),person (0.002),plan (0.003),view (0.003),side (0.002),user (0.002),
return (0.003),direct (0.002),power (0.003),impress (0.002),impress (0.002),port (0.003),setup (0.002),plasma (0.003),color (0.002),lg (0.002),hour (0.003),ago (0.002),longer (0.003),room (0.003),hope (0.002),requir (0.002),
