S0-T0,S0-T1,S0-T2,S0-T3,S0-T4,S0-T5,S0-T6,S0-T7,S0-T8,S0-T9,S0-T10,S0-T11,S0-T12,S0-T13,S0-T14,S1-T0,S1-T1,S1-T2,S1-T3,S1-T4,S1-T5,S1-T6,S1-T7,S1-T8,S1-T9,S1-T10,S1-T11,S1-T12,S1-T13,S1-T14,
app (0.029),batteri (0.025),batteri (0.028),kindl (0.035),game (0.019),kindl (0.066),great (0.042),screen (0.031),screen (0.017),write (0.018),ipad (0.032),work (0.030),screen (0.026),product (0.024),work (0.032),app (0.023),charg (0.052),screen (0.031),camera (0.016),work (0.024),screen (0.023),work (0.020),screen (0.029),card (0.023),time (0.021),ipad (0.024),work (0.016),screen (0.042),product (0.020),app (0.026),
kindl (0.023),work (0.025),good (0.023),fire (0.023),good (0.017),love (0.053),good (0.036),good (0.016),app (0.013),work (0.017),appl (0.020),bought (0.025),ipad (0.023),work (0.023),app (0.016),work (0.016),batteri (0.027),time (0.027),good (0.014),time (0.014),work (0.016),screen (0.018),speaker (0.020),sd (0.020),app (0.020),buy (0.011),problem (0.015),case (0.013),return (0.016),devic (0.014),
amazon (0.022),keyboard (0.022),work (0.021),hdx (0.021),app (0.017),fire (0.036),batteri (0.028),great (0.014),great (0.012),app (0.017),product (0.018),money (0.025),good (0.015),great (0.020),wifi (0.016),android (0.013),usb (0.024),batteri (0.027),work (0.013),screen (0.013),box (0.014),problem (0.018),sound (0.014),memori (0.019),screen (0.019),product (0.011),updat (0.015),crack (0.011),work (0.014),work (0.014),
play (0.019),good (0.019),life (0.019),screen (0.014),play (0.016),hdx (0.028),screen (0.027),color (0.011),good (0.012),love (0.017),samsung (0.018),good (0.019),great (0.015),purchas (0.017),great (0.015),download (0.012),charger (0.020),work (0.019),money (0.013),app (0.013),charger (0.011),app (0.016),good (0.013),app (0.018),work (0.013),asus (0.010),issu (0.013),touch (0.010),day (0.013),android (0.011),
video (0.019),great (0.017),great (0.019),hd (0.014),great (0.016),great (0.023),fast (0.024),video (0.011),android (0.011),great (0.015),android (0.017),buy (0.018),android (0.011),amazon (0.014),connect (0.015),play (0.011),work (0.018),slow (0.016),better (0.013),good (0.013),item (0.010),updat (0.015),camera (0.012),ipad (0.013),devic (0.011),devic (0.010),asus (0.013),work (0.010),amazon (0.013),video (0.010),
download (0.015),life (0.015),hour (0.016),camera (0.011),work (0.016),read (0.017),work (0.024),read (0.011),card (0.010),pen (0.013),galaxi (0.014),christma (0.016),feel (0.011),day (0.013),video (0.013),devic (0.010),power (0.017),life (0.015),app (0.013),great (0.012),problem (0.010),time (0.015),button (0.009),storag (0.011),slow (0.010),android (0.010),devic (0.012),time (0.008),custom (0.012),screen (0.010),
game (0.014),usb (0.014),app (0.014),time (0.011),web (0.014),book (0.015),life (0.023),sound (0.010),window (0.010),screen (0.012),buy (0.013),product (0.016),nice (0.009),good (0.013),good (0.013),flash (0.010),plug (0.016),hour (0.014),time (0.012),problem (0.011),packag (0.009),reset (0.013),video (0.009),android (0.009),thing (0.009),good (0.009),android (0.009),drop (0.008),ship (0.011),ipad (0.008),
watch (0.013),screen (0.011),play (0.014),devic (0.011),read (0.014),ipad (0.013),price (0.020),qualiti (0.010),processor (0.009),featur (0.012),devic (0.011),great (0.015),devic (0.009),servic (0.012),devic (0.011),game (0.009),port (0.015),wifi (0.014),great (0.011),devic (0.010),disappoint (0.009),issu (0.012),side (0.009),devic (0.009),turn (0.009),purchas (0.008),review (0.009),good (0.008),purchas (0.011),time (0.008),
movi (0.013),port (0.010),charg (0.014),ipad (0.010),love (0.013),bought (0.013),nice (0.020),bright (0.010),work (0.009),good (0.011),work (0.011),son (0.013),price (0.008),price (0.012),screen (0.010),video (0.009),hour (0.014),turn (0.014),slow (0.011),email (0.009),receiv (0.009),support (0.010),qualiti (0.008),price (0.008),issu (0.009),price (0.008),app (0.009),devic (0.007),servic (0.011),googl (0.007),
googl (0.013),charg (0.009),price (0.013),app (0.010),email (0.013),christma (0.012),app (0.013),light (0.009),sd (0.009),ipad (0.011),great (0.009),year (0.013),display (0.008),custom (0.012),play (0.010),ipad (0.009),time (0.013),charg (0.013),qualiti (0.010),googl (0.009),return (0.009),turn (0.009),great (0.008),work (0.008),instal (0.008),great (0.008),support (0.008),feel (0.007),receiv (0.011),connect (0.007),
book (0.012),bluetooth (0.009),screen (0.013),great (0.010),screen (0.012),easi (0.011),respons (0.011),display (0.009),batteri (0.008),time (0.011),time (0.009),price (0.013),thing (0.007),time (0.011),network (0.009),screen (0.008),cabl (0.011),day (0.012),devic (0.009),connect (0.009),open (0.008),asus (0.009),thing (0.008),space (0.007),great (0.008),kindl (0.008),time (0.008),keyboard (0.007),warranti (0.011),file (0.007),
work (0.012),nice (0.008),game (0.010),amazon (0.009),thing (0.011),gift (0.011),display (0.010),devic (0.008),full (0.008),paper (0.010),app (0.009),screen (0.013),work (0.007),screen (0.011),internet (0.008),googl (0.008),devic (0.010),touch (0.011),product (0.009),find (0.009),touch (0.008),button (0.009),work (0.008),gb (0.007),window (0.007),time (0.008),screen (0.008),issu (0.007),month (0.011),play (0.007),
store (0.012),love (0.008),devic (0.010),work (0.009),batteri (0.010),work (0.011),light (0.009),ipad (0.008),devic (0.008),student (0.010),better (0.009),kid (0.013),better (0.007),return (0.011),fine (0.008),time (0.008),adapt (0.010),app (0.011),lot (0.009),video (0.008),thing (0.008),batteri (0.008),volum (0.008),micro (0.007),good (0.007),app (0.008),product (0.008),glass (0.006),asus (0.010),browser (0.006),
read (0.011),price (0.007),fast (0.009),good (0.009),watch (0.010),purchas (0.009),qualiti (0.009),game (0.008),storag (0.008),samsung (0.010),purchas (0.008),time (0.013),light (0.007),ship (0.010),game (0.008),instal (0.007),keyboard (0.010),good (0.010),buy (0.009),thing (0.008),time (0.008),devic (0.008),app (0.008),appl (0.007),problem (0.007),work (0.008),month (0.008),scratch (0.006),time (0.010),samsung (0.006),
devic (0.011),thing (0.007),buy (0.009),love (0.009),surf (0.010),screen (0.009),easi (0.009),speaker (0.008),price (0.008),galaxi (0.010),best (0.008),purchas (0.013),qualiti (0.007),order (0.009),fast (0.008),phone (0.007),connect (0.009),problem (0.008),screen (0.009),android (0.008),good (0.008),factori (0.008),light (0.008),samsung (0.007),android (0.007),review (0.008),thing (0.008),ipad (0.006),repair (0.010),flash (0.006),
prime (0.010),fast (0.007),bought (0.009),buy (0.007),devic (0.009),recommend (0.009),expect (0.008),resolut (0.008),fast (0.008),thing (0.009),good (0.008),wast (0.012),appl (0.007),bought (0.009),easi (0.007),bought (0.007),life (0.009),button (0.008),android (0.008),qualiti (0.007),day (0.008),day (0.008),batteri (0.007),usb (0.007),open (0.007),better (0.008),great (0.008),plastic (0.006),replac (0.010),problem (0.006),
great (0.010),time (0.007),problem (0.008),price (0.007),brows (0.008),product (0.009),android (0.008),nice (0.008),slot (0.007),product (0.008),love (0.008),week (0.011),app (0.007),ipad (0.009),issu (0.007),price (0.007),turn (0.008),freez (0.008),price (0.008),buy (0.007),devic (0.008),unit (0.007),front (0.007),16gb (0.006),button (0.007),amazon (0.007),star (0.007),bit (0.006),call (0.010),download (0.006),
fire (0.010),android (0.007),time (0.008),year (0.007),video (0.008),awesom (0.007),size (0.007),work (0.008),memori (0.007),draw (0.007),screen (0.008),daughter (0.011),hold (0.006),problem (0.008),problem (0.007),great (0.007),day (0.008),game (0.008),perform (0.008),samsung (0.007),product (0.008),reboot (0.007),better (0.007),screen (0.006),keyboard (0.007),screen (0.007),buy (0.007),problem (0.006),support (0.009),thing (0.006),
hdx (0.010),power (0.007),day (0.007),help (0.006),time (0.008),wife (0.007),perform (0.007),price (0.007),core (0.007),best (0.007),review (0.008),gift (0.011),samsung (0.006),compani (0.008),time (0.006),store (0.006),screen (0.007),connect (0.008),updat (0.008),internet (0.007),ipad (0.007),firmwar (0.007),headphon (0.006),slot (0.006),touch (0.006),appl (0.007),price (0.006),great (0.006),week (0.009),great (0.005),
love (0.009),dock (0.007),movi (0.007),batteri (0.006),download (0.007),app (0.007),excel (0.006),notic (0.007),life (0.006),handwrit (0.007),bought (0.008),month (0.011),size (0.006),charg (0.008),nice (0.006),card (0.006),thing (0.007),crash (0.007),front (0.007),updat (0.006),instruct (0.007),power (0.007),turn (0.006),purchas (0.006),updat (0.006),expect (0.007),day (0.006),unit (0.006),buy (0.009),appl (0.005),
good (0.009),laptop (0.007),thing (0.007),featur (0.006),comput (0.007),good (0.007),feel (0.006),watch (0.007),ram (0.006),fast (0.007),price (0.008),play (0.009),product (0.006),happi (0.008),wireless (0.006),thing (0.006),cord (0.006),minut (0.007),expect (0.007),wifi (0.006),charg (0.007),start (0.006),devic (0.006),32gb (0.006),set (0.005),problem (0.007),bought (0.006),cover (0.005),problem (0.009),store (0.005),
android (0.008),pretti (0.007),android (0.007),read (0.006),check (0.007),amazon (0.007),better (0.006),time (0.006),touch (0.006),spen (0.006),thing (0.007),day (0.009),fast (0.006),receiv (0.007),read (0.006),connect (0.006),problem (0.006),play (0.006),wifi (0.007),play (0.006),app (0.007),week (0.006),time (0.006),buy (0.006),pen (0.005),love (0.006),dock (0.005),better (0.005),bought (0.009),wifi (0.005),
free (0.008),window (0.006),slow (0.006),mayday (0.006),movi (0.007),devic (0.007),cheap (0.006),better (0.006),pen (0.006),devic (0.006),year (0.007),worth (0.009),design (0.005),unit (0.007),ipad (0.006),slow (0.006),good (0.006),shut (0.006),spend (0.007),charg (0.006),ship (0.007),android (0.006),hold (0.006),intern (0.005),googl (0.005),thing (0.006),good (0.005),thing (0.005),send (0.008),find (0.005),
music (0.007),app (0.006),expect (0.006),better (0.006),fast (0.007),enjoy (0.007),sound (0.006),batteri (0.006),ipad (0.006),snote (0.006),asus (0.007),charg (0.008),hand (0.005),buy (0.007),product (0.006),charg (0.006),micro (0.006),respons (0.006),connect (0.007),ipad (0.006),nice (0.006),great (0.006),mode (0.006),better (0.005),play (0.005),bought (0.006),play (0.005),product (0.005),seller (0.008),support (0.005),
ipad (0.007),day (0.006),wifi (0.006),problem (0.006),android (0.007),nice (0.006),touch (0.006),app (0.006),samsung (0.006),hand (0.006),tab (0.006),game (0.008),resolut (0.005),newegg (0.006),laptop (0.006),pay (0.006),dock (0.005),start (0.006),purchas (0.007),search (0.006),bought (0.006),set (0.006),bit (0.006),processor (0.005),batteri (0.005),samsung (0.006),better (0.005),buy (0.005),screen (0.008),set (0.005),
time (0.006),bought (0.006),nice (0.006),product (0.006),product (0.007),time (0.006),graphic (0.006),hdx (0.006),better (0.006),stylus (0.006),featur (0.006),broke (0.007),case (0.005),review (0.006),netflix (0.005),updat (0.006),long (0.005),constant (0.006),face (0.007),flash (0.006),great (0.006),connect (0.006),watch (0.005),store (0.005),lag (0.005),hdx (0.006),tf300 (0.005),bad (0.005),item (0.008),updat (0.005),
access (0.006),hdmi (0.006),issu (0.006),display (0.006),life (0.006),problem (0.006),pretti (0.006),kindl (0.006),featur (0.005),function (0.006),phone (0.005),cheap (0.007),easi (0.005),call (0.006),thing (0.005),good (0.006),issu (0.005),browser (0.006),batteri (0.007),instal (0.006),wrong (0.006),download (0.006),ipad (0.005),download (0.005),bit (0.005),peopl (0.006),batteri (0.005),asus (0.004),issu (0.008),keyboard (0.005),
purchas (0.006),mous (0.005),purchas (0.006),thing (0.005),music (0.006),origin (0.006),clear (0.006),clear (0.006),nice (0.005),find (0.006),lot (0.005),love (0.007),love (0.005),asus (0.006),android (0.005),player (0.005),ipad (0.005),devic (0.006),hope (0.006),day (0.006),samsung (0.006),touch (0.006),left (0.005),thing (0.005),start (0.005),day (0.006),acer (0.005),button (0.004),refund (0.007),read (0.005),
screen (0.006),devic (0.005),hold (0.005),android (0.005),book (0.006),happi (0.006),resolut (0.006),hd (0.006),size (0.005),text (0.006),issu (0.005),pay (0.007),pretti (0.005),samsung (0.006),bought (0.005),purchas (0.005),unit (0.005),brows (0.006),pictur (0.006),batteri (0.006),read (0.006),system (0.005),view (0.005),problem (0.005),samsung (0.005),fire (0.005),peopl (0.005),day (0.004),ipad (0.007),instal (0.005),
thing (0.005),wifi (0.005),love (0.005),model (0.005),amazon (0.006),size (0.006),game (0.006),perform (0.006),game (0.005),pretti (0.006),air (0.005),better (0.007),touch (0.005),week (0.006),pretti (0.005),product (0.005),week (0.005),second (0.006),video (0.006),check (0.006),color (0.005),thing (0.005),notic (0.005),ram (0.005),charg (0.005),hope (0.005),best (0.005),protect (0.004),order (0.007),phone (0.005),
price (0.005),function (0.005),kid (0.005),button (0.005),easi (0.006),better (0.006),weight (0.005),fast (0.005),stylus (0.005),batteri (0.006),pen (0.004),zeepad (0.006),weight (0.005),refurbish (0.006),file (0.005),set (0.005),hdmi (0.005),power (0.005),thing (0.006),learn (0.006),includ (0.005),charg (0.005),resolut (0.005),batteri (0.005),lot (0.005),batteri (0.005),charg (0.005),cheap (0.004),unit (0.007),featur (0.004),
netflix (0.005),size (0.005),cheap (0.005),find (0.005),bought (0.006),day (0.005),decent (0.005),pictur (0.005),micro (0.005),colleg (0.005),iphon (0.004),return (0.006),batteri (0.004),defect (0.006),web (0.005),support (0.005),great (0.005),issu (0.005),ipad (0.006),turn (0.006),unit (0.005),help (0.005),bad (0.005),good (0.005),power (0.005),recommend (0.005),jelli (0.004),price (0.004),charg (0.007),applic (0.004),
lot (0.005),hour (0.005),money (0.005),life (0.005),facebook (0.005),buy (0.005),kid (0.005),size (0.005),softwar (0.004),class (0.005),find (0.004),order (0.006),beauti (0.004),love (0.006),movi (0.005),creativ (0.004),comput (0.004),thing (0.005),kid (0.005),issu (0.006),phone (0.005),custom (0.005),read (0.005),great (0.005),asus (0.004),nexus (0.005),softwar (0.004),hand (0.004),contact (0.007),system (0.004),
buy (0.005),issu (0.005),year (0.005),play (0.005),media (0.005),upgrad (0.005),time (0.005),play (0.005),gb (0.004),respons (0.005),infin (0.004),problem (0.006),time (0.004),turn (0.006),buy (0.005),system (0.004),month (0.004),reset (0.005),samsung (0.005),product (0.006),camera (0.005),instal (0.005),nice (0.005),model (0.005),type (0.004),money (0.005),keyboard (0.004),month (0.004),appl (0.007),comput (0.004),
internet (0.005),featur (0.005),video (0.005),review (0.005),charg (0.005),game (0.005),unit (0.005),decent (0.005),respons (0.004),nice (0.005),laptop (0.004),app (0.006),buy (0.004),qualiti (0.006),googl (0.004),help (0.004),short (0.004),unit (0.005),archo (0.005),fine (0.005),amazon (0.005),hour (0.005),landscap (0.005),instal (0.005),system (0.004),lot (0.005),week (0.004),qualiti (0.004),email (0.007),open (0.004),
wifi (0.005),find (0.005),ipad (0.005),front (0.005),ipad (0.005),price (0.005),issu (0.005),movi (0.005),video (0.004),problem (0.005),transform (0.004),disappoint (0.006),power (0.004),issu (0.006),batteri (0.004),unit (0.004),start (0.004),month (0.005),tab (0.005),display (0.005),dragon (0.005),review (0.005),angl (0.005),camera (0.005),bad (0.004),best (0.005),ice (0.004),protector (0.004),compani (0.006),issu (0.004),
hd (0.005),unit (0.004),long (0.005),best (0.005),hour (0.005),glad (0.005),devic (0.005),white (0.005),quad (0.004),buy (0.005),qualiti (0.004),qualiti (0.006),plastic (0.004),help (0.005),stream (0.004),buy (0.004),wifi (0.004),random (0.005),issu (0.005),slow (0.005),review (0.005),samsung (0.005),display (0.005),support (0.005),close (0.004),year (0.005),bean (0.004),batteri (0.004),told (0.006),web (0.004),
stream (0.004),support (0.004),pretti (0.005),purchas (0.005),price (0.005),absolut (0.005),buy (0.005),best (0.005),offic (0.004),pdf (0.005),compar (0.004),charger (0.005),mini (0.004),replac (0.005),tv (0.004),reset (0.004),wo (0.004),web (0.005),love (0.005),game (0.005),purchas (0.005),call (0.004),issu (0.005),time (0.005),chang (0.004),issu (0.005),wait (0.004),corner (0.004),review (0.006),function (0.004),
limit (0.004),problem (0.004),lot (0.005),bought (0.005),better (0.005),year (0.005),product (0.005),excel (0.005),perform (0.004),document (0.005),store (0.004),turn (0.005),asus (0.004),recommend (0.005),access (0.004),start (0.004),purchas (0.004),fine (0.005),bean (0.005),love (0.005),batteri (0.005),servic (0.004),play (0.005),window (0.004),week (0.004),laptop (0.005),window (0.004),week (0.004),money (0.005),amazon (0.004),
bought (0.004),long (0.004),easi (0.005),qualiti (0.004),perfect (0.005),husband (0.005),speed (0.005),camera (0.005),resolut (0.004),better (0.005),decid (0.004),spend (0.005),compar (0.004),condit (0.005),watch (0.004),month (0.004),app (0.004),press (0.004),jelli (0.005),support (0.005),white (0.005),return (0.004),top (0.004),bought (0.004),return (0.004),pretti (0.005),unit (0.004),find (0.004),samsung (0.005),review (0.004),
tv (0.004),connect (0.004),better (0.005),expect (0.004),kindl (0.005),thing (0.005),play (0.005),easi (0.005),keyboard (0.004),android (0.005),peopl (0.004),recommend (0.005),featur (0.004),arriv (0.005),price (0.004),batteri (0.004),hold (0.004),respond (0.004),nexus (0.005),better (0.005),black (0.005),tech (0.004),loud (0.004),charg (0.004),icon (0.004),compar (0.005),replac (0.004),pretti (0.004),devic (0.005),good (0.004),
content (0.004),remot (0.004),freez (0.004),issu (0.004),internet (0.004),amaz (0.005),super (0.005),beauti (0.004),best (0.004),bought (0.005),hope (0.004),expect (0.005),build (0.004),item (0.005),bad (0.004),applic (0.004),bit (0.004),wait (0.004),worth (0.005),minut (0.005),send (0.005),crash (0.004),game (0.004),port (0.004),reboot (0.004),featur (0.005),start (0.004),turn (0.004),good (0.005),better (0.004),
view (0.004),excel (0.004),start (0.004),nice (0.004),laptop (0.004),light (0.005),core (0.005),amaz (0.004),excel (0.004),play (0.005),high (0.004),slow (0.005),read (0.004),bad (0.005),touch (0.004),disappoint (0.004),fulli (0.004),download (0.004),low (0.004),store (0.005),case (0.005),softwar (0.004),life (0.004),bit (0.004),finger (0.004),transform (0.004),year (0.004),android (0.004),wait (0.005),softwar (0.004),
find (0.004),easi (0.004),week (0.004),nexus (0.004),fine (0.004),perfect (0.005),solid (0.005),feel (0.004),thing (0.004),updat (0.004),keyboard (0.004),item (0.005),issu (0.004),fast (0.005),pictur (0.004),appl (0.004),buy (0.004),video (0.004),experi (0.004),bad (0.005),turn (0.005),wifi (0.004),find (0.004),lot (0.004),write (0.004),user (0.004),releas (0.004),edg (0.004),pay (0.005),lot (0.004),
problem (0.004),micro (0.004),netflix (0.004),set (0.004),problem (0.004),best (0.005),processor (0.005),thing (0.004),time (0.004),read (0.004),stylus (0.004),nice (0.005),factor (0.004),warranti (0.005),email (0.004),hour (0.004),nice (0.004),lock (0.004),high (0.004),nice (0.005),user (0.004),life (0.004),charg (0.004),flash (0.004),wifi (0.004),case (0.004),upgrad (0.004),top (0.003),great (0.005),includ (0.004),
better (0.004),case (0.004),watch (0.004),size (0.004),netflix (0.004),help (0.004),wifi (0.005),respons (0.004),camera (0.004),life (0.004),market (0.004),freez (0.004),thin (0.004),thing (0.005),window (0.004),find (0.004),drain (0.004),lag (0.004),bad (0.004),sync (0.004),order (0.004),product (0.004),low (0.004),softwar (0.004),game (0.004),updat (0.004),amazon (0.004),hold (0.003),defect (0.005),window (0.004),
day (0.004),product (0.004),display (0.004),googl (0.004),load (0.004),color (0.004),quad (0.004),blue (0.004),pro (0.004),allow (0.004),return (0.004),ipad (0.004),big (0.004),app (0.004),box (0.004),problem (0.004),full (0.004),drop (0.004),pretti (0.004),pictur (0.004),slow (0.004),find (0.004),bottom (0.004),version (0.004),product (0.004),tf300 (0.004),wifi (0.004),charg (0.003),tech (0.004),buy (0.004),
kid (0.003),surfac (0.004),googl (0.004),video (0.004),lot (0.004),pictur (0.004),thin (0.004),sharp (0.004),hd (0.004),month (0.004),nexus (0.003),save (0.004),video (0.004),support (0.004),usb (0.004),sim (0.004),bad (0.004),long (0.004),featur (0.004),pay (0.004),find (0.004),freez (0.004),face (0.004),updat (0.004),load (0.003),perform (0.004),read (0.004),light (0.003),disappoint (0.004),email (0.004),
updat (0.003),pc (0.004),connect (0.004),book (0.004),nice (0.004),daughter (0.004),keyboard (0.004),smooth (0.004),lot (0.004),excel (0.004),user (0.003),case (0.004),best (0.003),nice (0.004),better (0.004),factori (0.004),recharg (0.004),return (0.004),game (0.004),call (0.004),android (0.004),manual (0.004),pictur (0.004),8gb (0.004),softwar (0.003),qualiti (0.004),game (0.004),return (0.003),number (0.004),user (0.004),
load (0.003),cheap (0.004),product (0.004),function (0.004),slow (0.004),hd (0.004),slow (0.004),fire (0.004),expand (0.004),feel (0.004),reason (0.003),touch (0.004),laptop (0.003),better (0.004),mode (0.004),market (0.004),android (0.004),horribl (0.004),fast (0.004),price (0.004),scratch (0.004),minut (0.004),movi (0.004),file (0.004),download (0.003),display (0.004),sandwich (0.004),nice (0.003),cost (0.004),program (0.003),
email (0.003),replac (0.004),decent (0.004),store (0.004),find (0.004),son (0.004),purchas (0.004),high (0.004),usb (0.004),convert (0.004),disappoint (0.003),thing (0.004),purchas (0.003),best (0.004),set (0.004),version (0.004),case (0.003),complet (0.004),extra (0.004),skype (0.004),origin (0.004),second (0.004),locat (0.004),includ (0.004),connect (0.003),find (0.004),cream (0.004),start (0.003),help (0.004),product (0.003),
support (0.003),updat (0.004),wo (0.004),live (0.004),samsung (0.004),kid (0.004),spec (0.004),bit (0.004),includ (0.004),window (0.004),learn (0.003),birthday (0.004),notic (0.003),month (0.004),phone (0.004),open (0.004),wall (0.003),wo (0.004),load (0.004),version (0.004),better (0.004),good (0.004),hear (0.004),issu (0.004),day (0.003),expens (0.004),rate (0.004),power (0.003),final (0.004),watch (0.003),
servic (0.003),adapt (0.003),nexus (0.003),upgrad (0.003),ebook (0.004),clear (0.004),bright (0.004),pretti (0.004),buy (0.004),keyboard (0.004),point (0.003),batteri (0.004),respons (0.003),batteri (0.004),support (0.004),servic (0.004),bluetooth (0.003),reason (0.004),bit (0.004),servic (0.004),buy (0.004),boot (0.004),color (0.004),move (0.004),price (0.003),version (0.004),bad (0.004),app (0.003),year (0.004),allow (0.003),
easi (0.003),allow (0.003),notic (0.003),second (0.003),browser (0.004),movi (0.004),pictur (0.004),amazon (0.004),speed (0.003),lot (0.004),batteri (0.003),kindl (0.004),camera (0.003),amaz (0.004),love (0.004),custom (0.004),find (0.003),open (0.004),kindl (0.004),camera (0.004),damag (0.004),restart (0.004),pretti (0.004),nexus (0.004),root (0.003),reason (0.004),forum (0.004),stylus (0.003),thing (0.003),player (0.003),
batteri (0.003),instal (0.003),perfect (0.003),custom (0.003),light (0.004),play (0.004),featur (0.004),view (0.004),galaxi (0.003),review (0.004),problem (0.003),paid (0.004),user (0.003),excel (0.004),sound (0.003),issu (0.004),samsung (0.003),phone (0.004),read (0.004),fast (0.004),understand (0.004),fine (0.003),wifi (0.004),power (0.004),requir (0.003),galaxi (0.004),firmwar (0.004),box (0.003),store (0.003),music (0.003),
youtub (0.003),full (0.003),function (0.003),updat (0.003),best (0.004),high (0.003),lightweight (0.004),love (0.004),perfect (0.003),easi (0.004),consid (0.003),button (0.004),perform (0.003),easi (0.004),router (0.003),att (0.003),better (0.003),signal (0.004),horribl (0.004),purchas (0.004),stylus (0.004),buy (0.003),touch (0.004),find (0.004),program (0.003),worth (0.003),recommend (0.004),respons (0.003),updat (0.003),version (0.003),
web (0.003),charger (0.003),updat (0.003),connect (0.003),day (0.004),display (0.003),low (0.004),web (0.004),hour (0.003),touch (0.004),experi (0.003),download (0.004),nexus (0.003),devic (0.004),basic (0.003),brows (0.003),product (0.003),pretti (0.004),flash (0.004),correct (0.003),notic (0.004),press (0.003),bright (0.004),googl (0.003),applic (0.003),pay (0.003),hour (0.004),lot (0.003),phone (0.003),nice (0.003),
account (0.003),sd (0.003),child (0.003),return (0.003),buy (0.004),featur (0.003),long (0.004),review (0.004),issu (0.003),school (0.003),comput (0.003),devic (0.004),upgrad (0.003),android (0.004),view (0.003),receiv (0.003),fine (0.003),android (0.004),galaxi (0.004),pc (0.003),thought (0.004),function (0.003),set (0.004),limit (0.003),oper (0.003),read (0.003),samsung (0.004),easili (0.003),power (0.003),sync (0.003),
option (0.003),perfect (0.003),terribl (0.003),amaz (0.003),social (0.003),fast (0.003),hour (0.004),life (0.004),smooth (0.003),edit (0.003),perfect (0.003),drop (0.003),galaxi (0.003),exchang (0.004),load (0.003),replac (0.003),die (0.003),great (0.004),turn (0.004),send (0.003),usb (0.004),respons (0.003),review (0.004),os (0.003),perform (0.003),experi (0.003),ic (0.003),star (0.003),price (0.003),transfer (0.003),
instal (0.003),fine (0.003),cost (0.003),notic (0.003),purpos (0.003),wonder (0.003),samsung (0.004),loud (0.003),os (0.003),save (0.003),recommend (0.003),power (0.003),keyboard (0.003),tab (0.004),camera (0.003),turn (0.003),half (0.003),type (0.004),touch (0.004),window (0.003),video (0.004),recommend (0.003),power (0.004),year (0.003),hour (0.003),feel (0.003),develop (0.003),expect (0.003),paid (0.003),internet (0.003),
product (0.003),asus (0.003),star (0.003),compar (0.003),faster (0.003),receiv (0.003),ipad (0.004),black (0.003),display (0.003),price (0.003),wife (0.003),arriv (0.003),high (0.003),window (0.004),youtub (0.003),samsung (0.003),minut (0.003),full (0.004),problem (0.004),watch (0.003),seal (0.004),googl (0.003),problem (0.004),video (0.003),tap (0.003),wife (0.003),tech (0.003),samsung (0.003),find (0.003),usb (0.003),
check (0.003),card (0.003),unit (0.003),samsung (0.003),kid (0.003),phone (0.003),smooth (0.004),nexus (0.003),power (0.003),accur (0.003),amaz (0.003),guess (0.003),expect (0.003),disappoint (0.004),pc (0.003),return (0.003),price (0.003),hold (0.004),bought (0.004),download (0.003),advertis (0.004),month (0.003),plug (0.004),play (0.003),restart (0.003),function (0.003),hardwar (0.003),damag (0.003),hour (0.003),easi (0.003),
market (0.003),machin (0.003),fine (0.003),charg (0.003),help (0.003),samsung (0.003),thing (0.004),featur (0.003),space (0.003),stuff (0.003),window (0.003),long (0.003),reason (0.003),advertis (0.003),perfect (0.003),marketplac (0.003),connector (0.003),better (0.004),softwar (0.004),lot (0.003),love (0.004),figur (0.003),lot (0.004),drive (0.003),reset (0.003),improv (0.003),instal (0.003),open (0.003),arriv (0.003),adob (0.003),
onlin (0.003),pro (0.003),button (0.003),access (0.003),long (0.003),friend (0.003),problem (0.004),purchas (0.003),file (0.003),offic (0.003),feel (0.003),children (0.003),day (0.003),deliveri (0.003),replac (0.003),3g (0.003),button (0.003),wake (0.003),happi (0.004),alot (0.003),hot (0.003),wait (0.003),annoy (0.003),system (0.003),limit (0.003),week (0.003),fine (0.003),small (0.003),box (0.003),limit (0.003),
brows (0.003),light (0.003),download (0.003),browser (0.003),pretti (0.003),thought (0.003),bought (0.004),contrast (0.003),version (0.003),laptop (0.003),money (0.003),piec (0.003),form (0.003),brand (0.003),download (0.003),account (0.003),overnight (0.003),internet (0.003),fine (0.004),mistak (0.003),die (0.003),hope (0.003),small (0.003),slow (0.003),os (0.003),hardwar (0.003),set (0.003),port (0.003),turn (0.003),kindl (0.003),
appl (0.003),samsung (0.003),power (0.003),internet (0.003),recommend (0.003),excel (0.003),beauti (0.003),tf300 (0.003),play (0.003),size (0.003),write (0.003),bad (0.003),version (0.003),wait (0.003),offic (0.003),manual (0.003),fit (0.003),bit (0.003),asus (0.004),compani (0.003),flash (0.003),perform (0.003),compar (0.003),game (0.003),user (0.003),cost (0.003),connect (0.003),bought (0.003),respons (0.003),game (0.003),
offer (0.003),purchas (0.003),return (0.003),hope (0.003),touch (0.003),download (0.003),amaz (0.003),buy (0.003),program (0.003),annot (0.003),os (0.003),start (0.003),comfort (0.003),year (0.003),brows (0.003),web (0.003),support (0.003),week (0.003),phone (0.004),nexus (0.003),happi (0.003),better (0.003),high (0.003),nice (0.003),featur (0.003),softwar (0.003),slow (0.003),con (0.003),start (0.003),itun (0.003),
big (0.003),better (0.003),read (0.003),pretti (0.003),inexpens (0.003),issu (0.003),ship (0.003),brows (0.003),load (0.003),meet (0.003),happi (0.003),camera (0.003),processor (0.003),connect (0.003),limit (0.003),watch (0.003),play (0.003),read (0.003),respons (0.004),item (0.003),replac (0.003),touchscreen (0.003),day (0.003),life (0.003),nice (0.003),big (0.003),turn (0.003),design (0.003),read (0.003),edit (0.003),
laptop (0.003),cover (0.003),trip (0.003),rear (0.003),applic (0.003),mini (0.003),happi (0.003),processor (0.003),dual (0.003),amaz (0.003),big (0.003),android (0.003),retina (0.003),read (0.003),kid (0.003),better (0.003),proprietari (0.003),restart (0.003),best (0.004),laptop (0.003),issu (0.003),complet (0.003),control (0.003),microsd (0.003),bought (0.003),long (0.003),power (0.003),big (0.003),exchang (0.003),card (0.003),
featur (0.003),decent (0.003),sound (0.003),improv (0.003),speed (0.003),review (0.003),high (0.003),compar (0.003),port (0.003),type (0.003),updat (0.003),niec (0.003),bit (0.003),thought (0.003),comput (0.003),adob (0.003),longer (0.003),touchscreen (0.003),review (0.004),order (0.003),protector (0.003),os (0.003),price (0.003),add (0.003),frustrat (0.003),life (0.003),find (0.003),appl (0.003),bad (0.003),slow (0.003),
websit (0.003),feel (0.003),disappoint (0.003),recommend (0.003),user (0.003),famili (0.003),review (0.003),book (0.003),wacom (0.003),experi (0.003),expect (0.003),child (0.003),soni (0.003),star (0.003),best (0.003),zeepad (0.003),small (0.003),reboot (0.003),find (0.004),usb (0.003),cabl (0.003),replac (0.003),stereo (0.003),applic (0.003),figur (0.003),model (0.003),qualiti (0.003),purchas (0.003),recommend (0.003),access (0.003),
pay (0.003),game (0.003),set (0.003),money (0.003),googl (0.003),decid (0.003),money (0.003),set (0.003),microsd (0.003),open (0.003),month (0.003),spent (0.003),solid (0.003),second (0.003),desktop (0.003),data (0.003),card (0.003),applic (0.003),reliabl (0.003),featur (0.003),pay (0.003),play (0.003),chang (0.003),touch (0.003),second (0.003),offer (0.003),driver (0.003),left (0.003),hope (0.003),photo (0.003),
experi (0.003),job (0.003),feel (0.003),week (0.003),listen (0.003),button (0.003),month (0.003),year (0.003),32gb (0.003),abil (0.003),io (0.003),three (0.003),hardwar (0.003),hope (0.003),portabl (0.003),total (0.003),feel (0.003),close (0.003),save (0.003),read (0.003),email (0.003),contact (0.003),option (0.003),product (0.003),wait (0.003),decid (0.003),soni (0.003),type (0.003),qualiti (0.003),offic (0.003),
comput (0.003),heavi (0.003),hit (0.003),surpris (0.003),onlin (0.003),long (0.003),power (0.003),expect (0.003),hdmi (0.003),carri (0.003),pro (0.003),longer (0.003),bright (0.003),display (0.003),program (0.003),site (0.003),fast (0.003),googl (0.003),peopl (0.003),bought (0.003),sd (0.003),respond (0.003),expect (0.003),gig (0.003),pretti (0.003),deal (0.003),post (0.003),notic (0.003),rma (0.003),content (0.003),
flash (0.002),extra (0.003),fun (0.003),final (0.003),type (0.003),travel (0.003),speaker (0.003),wifi (0.003),graphic (0.003),smooth (0.003),fast (0.003),extra (0.003),glass (0.003),refurb (0.003),browser (0.003),definit (0.003),ac (0.003),review (0.003),help (0.003),busi (0.003),galaxi (0.003),comput (0.003),purchas (0.003),remov (0.003),review (0.003),bit (0.003),transform (0.003),easi (0.003),long (0.003),document (0.003),
connect (0.002),expect (0.003),minut (0.003),experi (0.003),deal (0.003),generat (0.003),bit (0.003),product (0.003),system (0.003),color (0.003),amazon (0.003),coupl (0.003),os (0.003),luck (0.003),speed (0.003),oper (0.003),standard (0.003),purchas (0.003),support (0.003),account (0.003),sound (0.003),keyboard (0.003),imag (0.003),unit (0.003),ipad (0.003),month (0.003),chang (0.003),finger (0.003),manufactur (0.003),tv (0.003),
samsung (0.002),qualiti (0.003),complet (0.003),happi (0.003),free (0.003),carri (0.003),charg (0.003),side (0.003),asus (0.003),softwar (0.003),ipad2 (0.003),happi (0.003),perfect (0.003),sale (0.003),system (0.003),box (0.003),second (0.003),ipad (0.003),nice (0.003),wireless (0.003),set (0.003),amazon (0.003),edg (0.003),day (0.003),search (0.003),happi (0.003),os (0.003),side (0.003),full (0.003),movi (0.003),
cloud (0.002),mini (0.003),charger (0.003),galaxi (0.003),wait (0.003),graphic (0.003),build (0.003),speed (0.003),qualiti (0.003),phone (0.003),crash (0.003),receiv (0.003),life (0.003),manufactur (0.003),open (0.003),function (0.003),window (0.003),bought (0.003),life (0.003),guess (0.003),bad (0.003),lot (0.003),clear (0.003),extern (0.003),remov (0.003),replac (0.003),life (0.003),slow (0.003),better (0.003),love (0.003),
travel (0.002),solid (0.003),bad (0.003),perform (0.003),hope (0.003),small (0.003),design (0.003),power (0.003),decent (0.003),case (0.003),googl (0.003),lot (0.003),charg (0.003),scratch (0.003),function (0.003),camera (0.003),expect (0.003),sleep (0.003),play (0.003),contact (0.003),card (0.003),notic (0.003),big (0.003),option (0.003),manual (0.003),googl (0.003),flicker (0.003),break (0.002),refurbish (0.002),network (0.002),
perfect (0.002),control (0.003),light (0.003),hold (0.003),instal (0.003),sound (0.003),asus (0.003),issu (0.003),compar (0.003),appl (0.003),version (0.003),wifi (0.003),inch (0.003),gift (0.003),appl (0.003),lot (0.003),night (0.002),load (0.003),charg (0.003),easili (0.003),support (0.003),window (0.003),fine (0.003),speaker (0.003),constant (0.003),slow (0.003),con (0.003),build (0.002),newegg (0.002),touch (0.002),
disappoint (0.002),impress (0.003),camera (0.003),support (0.003),size (0.003),order (0.003),best (0.003),android (0.003),function (0.003),download (0.003),star (0.003),excit (0.003),deal (0.003),send (0.003),featur (0.003),touch (0.003),shut (0.002),price (0.003),newer (0.003),pen (0.003),week (0.003),attempt (0.002),hour (0.003),user (0.003),coupl (0.003),learn (0.003),coupl (0.003),second (0.002),crack (0.002),pc (0.002),
hour (0.002),longer (0.003),support (0.003),turn (0.003),review (0.003),case (0.003),camera (0.003),crisp (0.003),feel (0.003),power (0.003),system (0.003),junk (0.003),point (0.003),deal (0.003),power (0.003),limit (0.003),dead (0.002),dead (0.003),egg (0.003),clear (0.003),easi (0.003),latest (0.002),portrait (0.003),galaxi (0.003),upgrad (0.003),upgrad (0.003),custom (0.003),replac (0.002),brand (0.002),load (0.002),
qualiti (0.002),requir (0.003),amazon (0.003),easi (0.003),return (0.003),wifi (0.003),lot (0.003),built (0.003),movi (0.003),day (0.003),touch (0.003),broken (0.003),small (0.002),email (0.003),charg (0.003),freez (0.003),leav (0.002),die (0.003),rear (0.003),includ (0.003),descript (0.003),shut (0.002),dark (0.003),function (0.003),web (0.003),disappoint (0.003),usb (0.003),dock (0.002),complet (0.002),account (0.002),
issu (0.002),comput (0.003),review (0.003),skype (0.003),kind (0.003),learn (0.002),day (0.003),definit (0.003),support (0.003),lectur (0.003),read (0.003),horribl (0.003),experi (0.002),galaxi (0.003),skype (0.003),movi (0.003),pretti (0.002),coupl (0.003),useless (0.003),wait (0.003),rest (0.003),websit (0.002),rear (0.003),music (0.003),function (0.003),camera (0.003),nice (0.003),fine (0.002),respond (0.002),websit (0.002),
charg (0.002),big (0.003),deliveri (0.002),face (0.003),friend (0.003),nexus (0.002),kitkat (0.003),weight (0.003),product (0.003),awesom (0.003),replac (0.002),reason (0.003),find (0.002),perfect (0.003),cool (0.003),perfect (0.003),includ (0.002),plug (0.003),troubl (0.003),comput (0.003),accessori (0.003),user (0.002),listen (0.003),allow (0.003),love (0.003),star (0.003),love (0.003),magnet (0.002),three (0.002),option (0.002),
bird (0.002),set (0.003),angri (0.002),mini (0.003),offic (0.003),compar (0.002),outstand (0.003),experi (0.003),spen (0.003),box (0.003),day (0.002),perfect (0.003),play (0.002),hold (0.003),oper (0.003),order (0.003),box (0.002),box (0.003),wast (0.003),open (0.003),factori (0.003),receiv (0.002),hand (0.003),free (0.003),scroll (0.003),order (0.003),market (0.003),fall (0.002),card (0.002),experi (0.002),
select (0.002),month (0.003),inexpens (0.002),tech (0.003),enjoy (0.003),replac (0.002),awesom (0.003),lot (0.003),hardwar (0.003),perfect (0.003),definit (0.002),set (0.003),air (0.002),feel (0.003),decent (0.003),recommend (0.003),open (0.002),charger (0.003),kind (0.003),perform (0.003),defect (0.003),disappoint (0.002),phone (0.003),perform (0.003),bloatwar (0.003),game (0.003),deal (0.003),hit (0.002),request (0.002),galaxi (0.002),
surf (0.002),dell (0.002),break (0.002),tab (0.003),awesom (0.003),watch (0.002),hand (0.003),samsung (0.003),applic (0.003),set (0.003),hardwar (0.002),hour (0.003),peopl (0.002),money (0.003),bright (0.003),expect (0.003),sd (0.002),email (0.003),short (0.003),help (0.003),cover (0.003),love (0.002),case (0.003),bad (0.003),lock (0.003),nice (0.003),version (0.003),bottom (0.002),model (0.002),day (0.002),
file (0.002),drive (0.002),troubl (0.002),awesom (0.003),wo (0.003),touch (0.002),second (0.003),angl (0.003),year (0.003),start (0.003),compani (0.002),fast (0.003),problem (0.002),lot (0.003),expect (0.003),read (0.003),phone (0.002),watch (0.003),chang (0.003),custom (0.003),slot (0.003),ipad (0.002),bleed (0.003),start (0.003),freez (0.003),play (0.003),reason (0.003),care (0.002),second (0.002),button (0.002),
allow (0.002),cabl (0.002),fair (0.002),movi (0.003),softwar (0.003),galaxi (0.002),window (0.003),faster (0.003),write (0.003),video (0.003),person (0.002),yr (0.002),fact (0.002),today (0.002),lot (0.003),nice (0.003),slow (0.002),fast (0.003),decent (0.003),disappoint (0.003),chang (0.003),forum (0.002),nois (0.003),size (0.003),hand (0.003),market (0.002),receiv (0.003),laptop (0.002),batteri (0.002),drive (0.002),
storag (0.002),slot (0.002),constant (0.002),perfect (0.003),custom (0.003),custom (0.002),fine (0.003),small (0.003),speaker (0.003),print (0.002),start (0.002),crap (0.002),function (0.002),packag (0.002),day (0.003),love (0.003),bought (0.002),unrespons (0.003),item (0.003),replac (0.003),deal (0.003),frequent (0.002),corner (0.003),fast (0.003),unit (0.003),item (0.002),store (0.003),reason (0.002),bewar (0.002),control (0.002),
nexus (0.002),flash (0.002),con (0.002),bad (0.003),disappoint (0.003),month (0.002),return (0.003),hold (0.003),charg (0.003),multitask (0.002),nice (0.002),expens (0.002),bought (0.002),control (0.002),media (0.002),useless (0.002),flimsi (0.002),click (0.003),pay (0.003),long (0.003),clear (0.003),pop (0.002),move (0.003),64gb (0.002),custom (0.003),wait (0.002),disappoint (0.003),phone (0.002),cover (0.002),crash (0.002),
money (0.002),hand (0.002),daughter (0.002),hour (0.003),start (0.003),charg (0.002),sale (0.002),touch (0.003),bought (0.003),fun (0.002),awesom (0.002),decent (0.002),drop (0.002),contact (0.002),player (0.002),piec (0.002),attach (0.002),half (0.003),internet (0.003),case (0.003),pictur (0.003),frustrat (0.002),decent (0.003),hdmi (0.002),recommend (0.003),help (0.002),technic (0.002),review (0.002),care (0.002),oper (0.002),
month (0.002),includ (0.002),rate (0.002),power (0.003),featur (0.003),batteri (0.002),netflix (0.002),vibrant (0.002),tegra (0.002),figur (0.002),resolut (0.002),star (0.002),sound (0.002),extra (0.002),hdmi (0.002),consid (0.002),cover (0.002),lot (0.003),speaker (0.003),week (0.003),book (0.003),bit (0.002),easi (0.003),lack (0.002),expect (0.003),protect (0.002),flaw (0.002),life (0.002),experi (0.002),wo (0.002),
turn (0.002),softwar (0.002),wife (0.002),game (0.003),purchas (0.003),chose (0.002),perfect (0.002),mode (0.002),cpu (0.002),definit (0.002),display (0.002),die (0.002),hour (0.002),final (0.002),learn (0.002),minut (0.002),lot (0.002),love (0.003),recommend (0.003),hang (0.002),start (0.003),phone (0.002),audio (0.002),speed (0.002),month (0.003),rate (0.002),latest (0.002),resist (0.002),expect (0.002),interfac (0.002),
media (0.002),start (0.002),low (0.002),offer (0.002),tool (0.002),lighter (0.002),order (0.002),build (0.002),draw (0.002),program (0.002),week (0.002),cost (0.002),review (0.002),complet (0.002),enjoy (0.002),worth (0.002),love (0.002),occasion (0.003),googl (0.003),bewar (0.002),updat (0.003),slow (0.002),plastic (0.002),load (0.002),clunki (0.002),consid (0.002),root (0.002),surfac (0.002),junk (0.002),wireless (0.002),
version (0.002),camera (0.002),pen (0.002),worth (0.002),shop (0.002),smaller (0.002),set (0.002),hand (0.002),photoshop (0.002),applic (0.002),serious (0.002),replac (0.002),top (0.002),color (0.002),excel (0.002),wo (0.002),insid (0.002),drain (0.003),year (0.003),messag (0.002),month (0.003),game (0.002),music (0.002),read (0.002),password (0.002),person (0.002),exact (0.002),difficult (0.002),cours (0.002),add (0.002),
order (0.002),buy (0.002),deal (0.002),thought (0.002),fantast (0.002),notic (0.002),case (0.002),phone (0.002),hand (0.002),market (0.002),extrem (0.002),find (0.002),faster (0.002),free (0.002),softwar (0.002),memori (0.002),complaint (0.002),extrem (0.003),playback (0.003),facebook (0.002),power (0.003),purchas (0.002),unit (0.002),faster (0.002),select (0.002),free (0.002),worth (0.002),item (0.002),mine (0.002),move (0.002),
librari (0.002),travel (0.002),color (0.002),phone (0.002),simpli (0.002),find (0.002),love (0.002),day (0.002),big (0.002),complet (0.002),softwar (0.002),pink (0.002),clear (0.002),big (0.002),store (0.002),case (0.002),drive (0.002),stay (0.003),spent (0.003),network (0.002),wifi (0.003),bought (0.002),android (0.002),consid (0.002),switch (0.002),thought (0.002),ship (0.002),softwar (0.002),buyer (0.002),annoy (0.002),
angri (0.002),fit (0.002),internet (0.002),lot (0.002),site (0.002),android (0.002),starter (0.002),charg (0.002),light (0.002),free (0.002),case (0.002),brand (0.002),star (0.002),function (0.002),updat (0.002),money (0.002),replac (0.002),movi (0.003),capabl (0.003),pick (0.002),qualiti (0.003),reinstal (0.002),pen (0.002),compar (0.002),three (0.002),high (0.002),experi (0.002),resolut (0.002),app (0.002),requir (0.002),
