S0-T0,S0-T1,S0-T2,S0-T3,S0-T4,S0-T5,S0-T6,S0-T7,S0-T8,S0-T9,S0-T10,S0-T11,S0-T12,S1-T0,S1-T1,S1-T2,S1-T3,S1-T4,S1-T5,S1-T6,S1-T7,S1-T8,S1-T9,S1-T10,S1-T11,S1-T12,
price (0.049),NUM (0.042),card (0.057),screen (0.061),text (0.040),android (0.044),good (0.025),NUM (0.034),nt (0.038),camera (0.053),NUM (0.055),NUM (0.061),batteri (0.035),batteri (0.068),sim (0.057),NUM (0.054),NUM (0.037),app (0.044),batteri (0.060),nt (0.027),NUM (0.050),NUM (0.056),NUM (0.043),great (0.037),NUM (0.079),call (0.052),
NUM (0.047),4g (0.021),NUM (0.040),good (0.026),nt (0.033),app (0.043),NUM (0.022),screen (0.032),NUM (0.030),good (0.038),work (0.039),iphon (0.023),NUM (0.034),charg (0.059),work (0.051),tmobil (0.041),nt (0.036),NUM (0.033),good (0.059),work (0.024),bought (0.036),nt (0.023),nt (0.026),NUM (0.036),nokia (0.042),NUM (0.033),
great (0.047),nt (0.020),sd (0.033),NUM (0.026),good (0.027),window (0.042),nt (0.021),button (0.024),call (0.025),great (0.032),month (0.027),samsung (0.022),nt (0.027),NUM (0.054),card (0.044),servic (0.028),work (0.022),nt (0.030),life (0.042),NUM (0.024),great (0.033),work (0.020),work (0.020),nt (0.030),lumia (0.033),nt (0.032),
nt (0.025),work (0.019),memori (0.030),nt (0.025),call (0.024),NUM (0.041),great (0.020),nt (0.021),text (0.021),nt (0.028),nt (0.025),nt (0.021),screen (0.026),nt (0.032),unlock (0.035),plan (0.026),verizon (0.019),work (0.019),NUM (0.030),product (0.023),work (0.030),problem (0.020),money (0.020),good (0.020),window (0.030),signal (0.022),
good (0.025),fast (0.018),app (0.030),touch (0.019),great (0.020),nt (0.028),work (0.019),work (0.021),button (0.021),NUM (0.027),charg (0.020),galaxi (0.019),time (0.025),day (0.026),nt (0.027),nt (0.024),servic (0.018),googl (0.015),great (0.030),seller (0.021),love (0.029),great (0.015),servic (0.018),easi (0.018),great (0.021),qualiti (0.021),
smart (0.021),batteri (0.018),nt (0.029),feel (0.018),work (0.018),price (0.018),music (0.016),drop (0.017),screen (0.017),price (0.026),batteri (0.020),screen (0.019),day (0.020),work (0.025),NUM (0.024),call (0.021),call (0.017),download (0.015),nt (0.022),receiv (0.021),year (0.018),softwar (0.015),buy (0.018),batteri (0.015),nt (0.020),good (0.020),
smartphon (0.018),great (0.017),storag (0.016),nice (0.018),NUM (0.018),great (0.017),camera (0.016),good (0.016),work (0.017),qualiti (0.023),time (0.019),good (0.015),work (0.019),charger (0.024),att (0.023),card (0.017),custom (0.014),window (0.013),price (0.020),good (0.019),good (0.018),buy (0.014),amazon (0.015),featur (0.014),price (0.019),work (0.019),
money (0.013),good (0.016),work (0.015),great (0.018),screen (0.017),iphon (0.017),qualiti (0.013),time (0.013),messag (0.016),flash (0.021),day (0.018),compar (0.012),good (0.016),life (0.024),tmobil (0.015),work (0.016),review (0.014),play (0.013),day (0.016),box (0.018),month (0.017),samsung (0.013),custom (0.015),work (0.014),love (0.019),great (0.019),
love (0.013),android (0.016),intern (0.013),size (0.016),messag (0.016),good (0.016),player (0.013),batteri (0.013),set (0.016),screen (0.019),replac (0.017),nexus (0.012),turn (0.016),hour (0.018),good (0.013),sim (0.015),good (0.014),wifi (0.012),work (0.015),item (0.017),gift (0.016),good (0.012),batteri (0.015),better (0.012),good (0.015),wifi (0.016),
work (0.012),3g (0.013),micro (0.012),case (0.015),time (0.016),better (0.014),bluetooth (0.012),side (0.012),time (0.016),pictur (0.017),screen (0.016),best (0.011),freez (0.016),time (0.016),network (0.013),data (0.014),motorola (0.014),android (0.012),camera (0.015),order (0.017),nt (0.016),version (0.011),time (0.014),nice (0.012),purchas (0.013),drop (0.016),
featur (0.012),camera (0.013),good (0.012),love (0.013),pictur (0.014),system (0.012),video (0.012),case (0.012),number (0.011),front (0.016),problem (0.016),better (0.011),app (0.015),great (0.015),buy (0.012),custom (0.013),support (0.012),map (0.011),fast (0.014),buy (0.015),purchas (0.015),android (0.011),return (0.014),problem (0.012),os (0.010),recept (0.016),
buy (0.011),screen (0.013),microsd (0.011),qualiti (0.012),internet (0.013),work (0.011),sound (0.011),camera (0.011),volum (0.010),speaker (0.013),start (0.013),great (0.011),problem (0.013),turn (0.012),problem (0.011),month (0.013),time (0.012),free (0.011),pretti (0.013),condit (0.015),buy (0.013),screen (0.011),warranti (0.014),screen (0.011),devic (0.010),time (0.014),
recommend (0.011),lte (0.012),music (0.011),hand (0.011),camera (0.013),easi (0.011),screen (0.011),nice (0.010),dial (0.009),batteri (0.012),call (0.013),android (0.011),button (0.012),port (0.011),call (0.010),buy (0.012),great (0.012),music (0.011),screen (0.012),great (0.013),time (0.013),updat (0.011),problem (0.013),simpl (0.011),tmobil (0.010),problem (0.013),
better (0.011),life (0.011),sim (0.011),small (0.011),send (0.013),love (0.011),mp3 (0.011),great (0.010),featur (0.009),work (0.012),good (0.013),price (0.010),start (0.011),power (0.010),bought (0.010),pay (0.011),buy (0.012),nokia (0.011),featur (0.011),return (0.013),recommend (0.012),time (0.011),product (0.012),call (0.011),time (0.009),hear (0.011),
android (0.010),wifi (0.010),batteri (0.011),work (0.011),keyboard (0.011),os (0.011),nice (0.010),featur (0.009),type (0.009),light (0.012),great (0.012),devic (0.010),call (0.011),plug (0.010),servic (0.010),text (0.011),problem (0.011),store (0.010),nice (0.010),time (0.013),ago (0.011),motorola (0.010),day (0.012),price (0.010),android (0.009),sound (0.011),
window (0.010),time (0.010),video (0.009),big (0.011),nice (0.011),io (0.010),call (0.010),review (0.009),press (0.009),app (0.012),week (0.012),batteri (0.009),shut (0.011),good (0.010),time (0.010),prepaid (0.010),year (0.010),gps (0.010),problem (0.010),purchas (0.012),friend (0.011),review (0.010),month (0.012),cool (0.010),review (0.009),network (0.011),
cheap (0.010),support (0.010),pictur (0.009),batteri (0.010),email (0.010),featur (0.010),featur (0.009),problem (0.009),turn (0.008),face (0.011),purchas (0.012),appl (0.009),restart (0.010),month (0.010),dual (0.009),minut (0.010),lg (0.009),set (0.010),better (0.009),arriv (0.010),son (0.010),month (0.009),receiv (0.012),bought (0.010),smartphon (0.008),tmobil (0.011),
best (0.010),speed (0.010),great (0.009),color (0.010),app (0.010),appl (0.009),time (0.009),day (0.008),option (0.008),decent (0.010),bought (0.012),market (0.008),thing (0.010),problem (0.009),gsm (0.009),day (0.010),peopl (0.009),data (0.009),android (0.009),batteri (0.010),nokia (0.010),issu (0.009),week (0.011),buy (0.010),expect (0.008),connect (0.010),
contract (0.009),processor (0.009),slot (0.009),respons (0.010),talk (0.010),oper (0.009),app (0.008),cover (0.008),app (0.008),sound (0.010),ago (0.009),qualiti (0.008),remov (0.009),usb (0.009),travel (0.009),wifi (0.010),purchas (0.009),good (0.009),time (0.009),day (0.010),wife (0.009),unlock (0.009),purchas (0.011),user (0.009),app (0.008),speaker (0.009),
cost (0.009),htc (0.009),download (0.008),fit (0.009),problem (0.009),tile (0.009),usb (0.008),easi (0.008),ring (0.008),pretti (0.010),year (0.008),featur (0.008),issu (0.009),cabl (0.008),purchas (0.008),activ (0.010),bought (0.009),email (0.008),smartphon (0.009),amazon (0.010),happi (0.009),model (0.009),call (0.011),cell (0.008),best (0.008),receiv (0.009),
iphon (0.009),tmobil (0.009),problem (0.008),camera (0.009),batteri (0.009),best (0.009),easi (0.008),thing (0.008),find (0.008),nice (0.009),receiv (0.008),fast (0.008),slow (0.009),week (0.007),featur (0.008),good (0.009),thing (0.009),great (0.008),expect (0.009),refurbish (0.009),price (0.009),price (0.009),order (0.011),thing (0.008),amaz (0.008),live (0.009),
basic (0.009),core (0.009),time (0.008),cover (0.008),easi (0.009),microsoft (0.008),headphon (0.008),find (0.008),good (0.008),call (0.009),return (0.008),camera (0.008),month (0.008),call (0.007),mobil (0.008),bought (0.008),cell (0.008),game (0.008),product (0.009),ship (0.009),cell (0.009),bought (0.009),support (0.011),app (0.008),better (0.008),area (0.008),
budget (0.008),devic (0.009),instal (0.008),better (0.008),receiv (0.008),time (0.008),better (0.008),small (0.007),contact (0.008),video (0.008),product (0.008),call (0.008),great (0.008),screen (0.007),lock (0.007),store (0.008),tech (0.007),call (0.008),charg (0.008),disappoint (0.009),problem (0.009),blackberri (0.008),contact (0.010),star (0.008),sell (0.008),servic (0.008),
worth (0.008),app (0.008),camera (0.008),time (0.008),featur (0.008),user (0.008),buy (0.008),bad (0.007),thing (0.008),better (0.008),warranti (0.007),app (0.007),power (0.008),hold (0.007),fine (0.007),year (0.008),bad (0.007),web (0.008),bad (0.008),unlock (0.009),screen (0.008),lg (0.008),email (0.010),love (0.008),smart (0.008),bad (0.008),
high (0.008),ram (0.007),thing (0.007),bright (0.008),love (0.008),nokia (0.008),batteri (0.008),press (0.007),voic (0.008),featur (0.008),fine (0.007),buy (0.007),life (0.008),long (0.007),data (0.007),problem (0.008),worst (0.007),navig (0.007),perform (0.008),advertis (0.009),iphon (0.008),intern (0.008),send (0.010),deal (0.007),buy (0.007),better (0.008),
pay (0.008),issu (0.007),buy (0.007),fast (0.008),simpl (0.008),camera (0.007),listen (0.007),replac (0.007),person (0.008),fast (0.008),hour (0.007),work (0.007),reboot (0.007),wo (0.006),great (0.007),time (0.008),batteri (0.006),time (0.007),qualiti (0.008),bought (0.008),call (0.008),galaxi (0.008),replac (0.010),time (0.007),product (0.007),app (0.007),
tmobil (0.008),unlock (0.007),space (0.007),featur (0.008),video (0.007),find (0.007),devic (0.007),bought (0.007),chang (0.008),clear (0.008),send (0.007),beauti (0.007),open (0.007),thing (0.006),batteri (0.007),number (0.008),updat (0.006),batteri (0.007),easi (0.008),charger (0.008),week (0.007),year (0.007),compani (0.009),lot (0.007),screen (0.007),clear (0.007),
qualiti (0.008),data (0.007),screen (0.007),display (0.008),web (0.007),samsung (0.007),bad (0.007),power (0.007),figur (0.007),thing (0.007),life (0.007),display (0.007),charg (0.006),replac (0.006),product (0.006),cell (0.008),amazon (0.006),sync (0.007),decent (0.007),brand (0.007),return (0.007),peopl (0.007),seller (0.009),recommend (0.007),amazon (0.007),internet (0.007),
lot (0.007),big (0.007),gb (0.007),nokia (0.008),voic (0.007),qualiti (0.007),function (0.006),samsung (0.007),lock (0.007),photo (0.007),coupl (0.006),s3 (0.006),touch (0.006),full (0.006),carrier (0.006),great (0.008),devic (0.006),easi (0.006),thing (0.007),packag (0.007),order (0.007),purchas (0.007),bought (0.009),life (0.007),recommend (0.007),cell (0.007),
nokia (0.007),att (0.006),updat (0.006),find (0.007),best (0.007),screen (0.007),connect (0.006),year (0.007),peopl (0.007),loud (0.007),happi (0.006),peopl (0.006),complet (0.006),bad (0.005),screen (0.006),unlimit (0.007),hour (0.006),thing (0.006),excel (0.007),htc (0.007),day (0.007),batteri (0.007),good (0.009),charg (0.007),work (0.007),issu (0.007),
time (0.007),connect (0.006),store (0.006),buy (0.007),basic (0.007),devic (0.007),radio (0.006),left (0.006),touch (0.007),amaz (0.007),talk (0.006),thing (0.006),hour (0.006),issu (0.005),slot (0.005),talk (0.007),return (0.006),instal (0.006),app (0.007),screen (0.007),replac (0.007),recommend (0.006),ship (0.009),android (0.007),deal (0.006),voic (0.006),
low (0.007),os (0.006),lot (0.006),protector (0.007),connect (0.007),thing (0.007),comput (0.006),big (0.006),annoy (0.007),low (0.006),thing (0.006),time (0.006),week (0.006),die (0.005),talk (0.005),contract (0.007),best (0.006),updat (0.006),buy (0.007),scratch (0.007),smart (0.007),day (0.006),repair (0.009),super (0.006),camera (0.006),peopl (0.006),
year (0.007),featur (0.006),save (0.006),light (0.007),price (0.007),pretti (0.006),card (0.006),week (0.006),send (0.007),lot (0.006),motorola (0.006),pretti (0.006),drop (0.006),love (0.005),connect (0.005),mobil (0.006),month (0.006),screen (0.006),disappoint (0.007),expect (0.007),best (0.007),better (0.006),wast (0.009),watch (0.006),feel (0.006),batteri (0.006),
camera (0.007),price (0.006),day (0.006),cheap (0.007),user (0.006),limit (0.006),includ (0.006),lot (0.006),problem (0.007),life (0.006),issu (0.006),review (0.006),bad (0.006),short (0.005),wifi (0.005),verizon (0.006),love (0.006),connect (0.006),love (0.006),problem (0.006),disappoint (0.006),tmobil (0.006),told (0.008),long (0.006),awesom (0.006),bar (0.006),
buck (0.006),thing (0.006),issu (0.006),keyboard (0.007),bad (0.006),lot (0.006),play (0.006),easili (0.006),hear (0.007),love (0.006),buy (0.006),day (0.006),mode (0.005),play (0.005),local (0.005),amazon (0.006),activ (0.005),access (0.006),bought (0.006),camera (0.006),featur (0.006),product (0.006),refund (0.007),year (0.006),easi (0.006),lot (0.006),
level (0.006),dual (0.005),photo (0.006),easi (0.007),thing (0.006),compar (0.005),pictur (0.006),bottom (0.006),email (0.007),time (0.006),wait (0.006),googl (0.006),set (0.005),bought (0.005),3g (0.005),purchas (0.006),number (0.005),internet (0.006),play (0.006),send (0.006),servic (0.006),call (0.006),wait (0.007),servic (0.006),cheap (0.005),featur (0.006),
function (0.006),updat (0.005),limit (0.006),solid (0.006),brows (0.006),peopl (0.005),file (0.006),scratch (0.006),function (0.006),excel (0.005),dead (0.005),smart (0.006),half (0.005),connect (0.004),nice (0.005),charg (0.006),issu (0.005),facebook (0.006),size (0.006),open (0.006),camera (0.005),carrier (0.006),samsung (0.007),manual (0.006),thing (0.005),slow (0.006),
entri (0.006),capabl (0.005),purchas (0.005),pocket (0.006),fine (0.006),smooth (0.005),photo (0.006),motorola (0.006),easi (0.006),review (0.005),drop (0.005),processor (0.006),lot (0.005),year (0.004),activ (0.005),switch (0.005),better (0.005),featur (0.006),long (0.006),review (0.006),drop (0.005),touch (0.006),blu (0.006),worth (0.006),store (0.005),talk (0.005),
deal (0.006),smooth (0.005),delet (0.005),easili (0.006),awesom (0.005),nice (0.005),voic (0.006),turn (0.006),menu (0.006),best (0.005),freez (0.005),love (0.006),camera (0.005),night (0.004),htc (0.005),att (0.005),blu (0.005),iphon (0.006),lot (0.006),card (0.006),nice (0.005),cell (0.006),pay (0.006),play (0.006),qualiti (0.005),verizon (0.005),
user (0.006),storag (0.005),free (0.005),clear (0.006),power (0.005),buy (0.005),clear (0.006),call (0.006),keyboard (0.005),feel (0.005),minut (0.005),design (0.005),function (0.005),stay (0.004),perfect (0.005),nokia (0.005),wife (0.005),find (0.006),recommend (0.006),price (0.006),motorola (0.005),thing (0.005),issu (0.006),big (0.006),year (0.005),pick (0.005),
month (0.006),lack (0.005),call (0.005),pretti (0.006),wifi (0.005),learn (0.005),thing (0.006),read (0.005),open (0.005),bright (0.005),servic (0.005),feel (0.005),internet (0.005),devic (0.004),countri (0.005),free (0.005),contact (0.005),microsoft (0.005),samsung (0.005),perfect (0.005),definit (0.005),amazon (0.005),great (0.006),review (0.006),featur (0.005),thing (0.005),
nice (0.006),carrier (0.005),move (0.005),call (0.006),cell (0.005),lack (0.005),speaker (0.005),month (0.005),day (0.005),lack (0.005),defect (0.005),case (0.005),cover (0.005),dead (0.004),devic (0.004),featur (0.005),star (0.005),account (0.005),issu (0.005),cell (0.005),decid (0.005),moto (0.005),newegg (0.006),read (0.006),absolut (0.005),constant (0.005),
app (0.006),radio (0.005),includ (0.005),text (0.006),qualiti (0.005),galaxi (0.005),softwar (0.005),nokia (0.005),rington (0.005),issu (0.005),die (0.005),size (0.005),full (0.005),terribl (0.004),verizon (0.004),account (0.005),read (0.005),contact (0.005),call (0.005),charg (0.005),charg (0.005),upgrad (0.005),model (0.006),small (0.006),con (0.005),person (0.005),
consid (0.006),network (0.005),option (0.005),finger (0.005),access (0.005),store (0.005),download (0.005),break (0.005),list (0.005),music (0.005),hope (0.005),smartphon (0.005),second (0.005),fine (0.004),internet (0.004),messag (0.005),lot (0.005),better (0.005),blu (0.005),sold (0.005),coupl (0.004),att (0.005),cell (0.005),day (0.006),day (0.005),text (0.005),
bought (0.006),best (0.005),low (0.005),perfect (0.005),slow (0.005),call (0.005),support (0.005),pocket (0.005),start (0.005),recept (0.004),touch (0.005),unlock (0.005),devic (0.005),usag (0.004),turn (0.004),replac (0.005),screen (0.005),direct (0.005),htc (0.005),sell (0.005),live (0.004),star (0.005),devic (0.005),expect (0.005),start (0.004),nice (0.005),
paid (0.005),day (0.005),pretti (0.005),lot (0.005),smartphon (0.005),interfac (0.005),pretti (0.005),hope (0.005),batteri (0.005),display (0.004),bad (0.005),nice (0.005),applic (0.004),car (0.004),4g (0.004),batteri (0.005),upgrad (0.005),allow (0.005),awesom (0.005),happi (0.005),verizon (0.004),bad (0.005),help (0.005),nokia (0.005),money (0.004),minut (0.004),
product (0.005),problem (0.005),bought (0.004),thing (0.005),button (0.005),friend (0.005),decent (0.005),pretti (0.005),side (0.005),perfect (0.004),damag (0.005),user (0.005),black (0.004),start (0.004),support (0.004),internet (0.005),friend (0.005),lot (0.005),amaz (0.005),qualiti (0.005),case (0.004),love (0.005),number (0.005),fast (0.005),find (0.004),perfect (0.004),
thing (0.005),memori (0.005),messag (0.004),hold (0.005),perfect (0.005),live (0.005),lot (0.005),protector (0.004),great (0.005),expect (0.004),better (0.005),pictur (0.005),reset (0.004),return (0.004),find (0.004),set (0.005),final (0.004),camera (0.005),find (0.005),replac (0.005),unlock (0.004),support (0.005),care (0.005),friend (0.005),disappoint (0.004),excel (0.004),
batteri (0.005),user (0.005),set (0.004),issu (0.005),excel (0.005),excel (0.005),keyboard (0.005),car (0.004),manual (0.005),beat (0.004),shut (0.004),core (0.005),lock (0.004),complet (0.004),bad (0.004),famili (0.004),area (0.004),issu (0.005),speed (0.004),refund (0.004),easi (0.004),3g (0.004),store (0.005),return (0.005),pretti (0.004),fine (0.004),
find (0.005),perform (0.004),featur (0.004),problem (0.005),day (0.005),power (0.004),small (0.005),front (0.004),sound (0.005),beauti (0.004),text (0.004),big (0.005),minut (0.004),set (0.004),box (0.004),hour (0.004),htc (0.004),text (0.005),big (0.004),origin (0.004),app (0.004),system (0.004),defect (0.005),qualiti (0.005),month (0.004),nokia (0.004),
samsung (0.005),game (0.004),file (0.004),beauti (0.005),display (0.004),smartphon (0.004),wifi (0.005),design (0.004),unlock (0.005),star (0.004),app (0.004),life (0.005),download (0.004),fulli (0.003),order (0.004),coverag (0.004),talk (0.004),day (0.005),servic (0.004),turn (0.004),famili (0.004),week (0.004),cover (0.005),job (0.005),bought (0.004),find (0.004),
plan (0.005),iphon (0.004),extra (0.004),bit (0.005),samsung (0.004),smart (0.004),set (0.005),touch (0.004),difficult (0.005),nokia (0.004),turn (0.004),problem (0.005),case (0.004),purchas (0.003),receiv (0.004),told (0.004),fine (0.004),problem (0.004),impress (0.004),bad (0.004),second (0.004),return (0.004),htc (0.005),basic (0.005),microsoft (0.004),easi (0.004),
day (0.005),window (0.004),recommend (0.004),devic (0.005),better (0.004),updat (0.004),standard (0.004),set (0.004),receiv (0.005),bad (0.004),love (0.004),faster (0.004),android (0.004),buy (0.003),charg (0.004),check (0.004),iphon (0.004),includ (0.004),pictur (0.004),recommend (0.004),galaxi (0.004),hope (0.004),bad (0.005),excel (0.005),happi (0.004),android (0.004),
screen (0.005),fine (0.004),charg (0.004),design (0.005),buy (0.004),expect (0.004),touch (0.004),charg (0.004),love (0.005),small (0.004),long (0.004),hand (0.004),press (0.004),box (0.003),straight (0.004),cost (0.004),android (0.004),video (0.004),week (0.004),hope (0.004),excel (0.004),camera (0.004),manufactur (0.004),pretti (0.005),user (0.004),love (0.004),
dollar (0.004),money (0.004),transfer (0.004),build (0.005),mail (0.004),bought (0.004),text (0.004),android (0.004),hold (0.004),touch (0.004),devic (0.004),deal (0.004),close (0.004),better (0.003),pay (0.004),support (0.004),experi (0.004),user (0.004),standard (0.004),money (0.004),user (0.004),major (0.004),motorola (0.004),samsung (0.005),lot (0.004),screen (0.004),
spend (0.004),love (0.004),major (0.004),cool (0.005),game (0.004),big (0.004),cabl (0.004),plastic (0.004),select (0.004),button (0.004),tmobil (0.004),play (0.004),load (0.004),low (0.003),return (0.004),turn (0.004),att (0.004),turn (0.004),heavi (0.004),call (0.004),set (0.004),iphon (0.004),charg (0.004),best (0.005),bad (0.004),coverag (0.004),
upgrad (0.004),con (0.004),remov (0.004),chang (0.005),small (0.004),feel (0.004),sync (0.004),mine (0.004),bit (0.004),set (0.004),camera (0.004),expens (0.004),play (0.004),left (0.003),number (0.004),area (0.004),store (0.004),servic (0.004),4g (0.004),suppos (0.004),money (0.004),newegg (0.004),save (0.004),text (0.005),wonder (0.004),volum (0.004),
easi (0.004),intern (0.004),game (0.004),price (0.005),pretti (0.004),flash (0.004),memori (0.004),hold (0.004),navig (0.004),problem (0.004),fail (0.004),slow (0.004),wifi (0.004),second (0.003),cell (0.004),network (0.004),nice (0.004),nice (0.004),small (0.004),issu (0.004),card (0.004),hardwar (0.004),disappoint (0.004),camera (0.005),upgrad (0.004),start (0.004),
call (0.004),version (0.004),applic (0.003),durabl (0.004),fast (0.004),fast (0.004),button (0.004),feel (0.004),delet (0.004),reason (0.004),cell (0.004),power (0.004),replac (0.004),send (0.003),requir (0.004),love (0.004),busi (0.004),fast (0.004),user (0.004),defect (0.004),exact (0.004),best (0.004),review (0.004),flip (0.005),nice (0.004),week (0.004),
amaz (0.004),play (0.004),android (0.003),resolut (0.004),month (0.004),blackberri (0.004),window (0.004),devic (0.004),mode (0.004),smart (0.004),price (0.004),light (0.004),featur (0.004),app (0.003),samsung (0.004),price (0.004),horribl (0.004),price (0.004),wifi (0.004),manual (0.004),mine (0.004),qualiti (0.004),paid (0.004),blackberri (0.005),batteri (0.004),lose (0.004),
definit (0.004),pretti (0.004),price (0.003),high (0.004),chang (0.004),chang (0.004),rington (0.004),expect (0.004),feel (0.004),buy (0.004),notic (0.004),happi (0.004),stay (0.004),blu (0.003),compani (0.003),transfer (0.004),sell (0.004),drive (0.004),die (0.004),paid (0.004),contact (0.004),travel (0.004),price (0.004),reason (0.005),decid (0.004),sprint (0.004),
galaxi (0.004),replac (0.004),amount (0.003),samsung (0.004),disappoint (0.004),cheap (0.004),system (0.004),recommend (0.004),servic (0.004),audio (0.003),wifi (0.004),upgrad (0.004),save (0.004),origin (0.003),app (0.003),start (0.004),voic (0.004),search (0.004),worst (0.004),star (0.004),hope (0.004),wife (0.004),reason (0.003),sound (0.005),compar (0.004),pretti (0.004),
expect (0.004),buy (0.004),play (0.003),button (0.004),function (0.004),market (0.003),motorola (0.004),better (0.004),display (0.004),respons (0.003),qualiti (0.004),clear (0.004),display (0.004),star (0.003),blu (0.003),week (0.004),smart (0.004),read (0.004),sim (0.004),android (0.004),perfect (0.004),os (0.004),updat (0.003),set (0.005),call (0.004),set (0.004),
choic (0.004),decent (0.004),easi (0.003),money (0.004),touch (0.004),softwar (0.003),turn (0.004),wait (0.004),wo (0.004),bit (0.003),android (0.004),softwar (0.004),read (0.004),function (0.003),watch (0.003),carrier (0.004),week (0.004),mobil (0.004),solid (0.003),broken (0.004),wifi (0.004),read (0.004),question (0.003),replac (0.005),design (0.003),iphon (0.004),
expens (0.004),respons (0.004),love (0.003),android (0.004),order (0.004),batteri (0.003),charg (0.004),hand (0.004),small (0.003),smartphon (0.003),second (0.004),updat (0.004),fast (0.004),updat (0.003),remov (0.003),return (0.004),question (0.004),pretti (0.004),custom (0.003),consid (0.004),expect (0.004),smartphon (0.004),item (0.003),receiv (0.005),iphon (0.003),camera (0.004),
lumia (0.004),excel (0.004),flash (0.003),plastic (0.004),capabl (0.004),awesom (0.003),record (0.004),htc (0.004),hit (0.003),big (0.003),review (0.004),cell (0.004),servic (0.004),expect (0.003),intern (0.003),nice (0.004),piec (0.004),limit (0.004),money (0.003),better (0.004),text (0.004),custom (0.004),brand (0.003),clear (0.004),definit (0.003),price (0.004),
reason (0.004),smartphon (0.004),find (0.003),bought (0.004),4g (0.004),game (0.003),transfer (0.004),help (0.004),automat (0.003),case (0.003),black (0.003),year (0.004),coupl (0.003),recommend (0.003),plan (0.003),onlin (0.003),complaint (0.004),browser (0.004),best (0.003),love (0.004),wrong (0.003),set (0.004),box (0.003),cheap (0.004),appl (0.003),piec (0.003),
peopl (0.004),cell (0.004),nice (0.003),white (0.004),product (0.004),person (0.003),verizon (0.004),purchas (0.004),left (0.003),peopl (0.003),hold (0.003),today (0.004),volum (0.003),text (0.003),iphon (0.003),money (0.003),hear (0.004),locat (0.004),night (0.003),iphon (0.004),onlin (0.003),servic (0.004),plan (0.003),devic (0.004),point (0.003),terribl (0.003),
offer (0.004),sim (0.004),full (0.003),surpris (0.004),surpris (0.003),function (0.003),data (0.004),card (0.004),activ (0.003),design (0.003),upgrad (0.003),black (0.004),softwar (0.003),mode (0.003),price (0.003),requir (0.003),check (0.004),market (0.004),choic (0.003),black (0.003),contract (0.003),gsm (0.003),year (0.003),purchas (0.004),thought (0.003),4g (0.003),
awesom (0.004),servic (0.004),wo (0.003),kind (0.004),type (0.003),recommend (0.003),feel (0.004),buy (0.004),issu (0.003),devic (0.003),connect (0.003),pay (0.004),happi (0.003),defect (0.003),model (0.003),lumia (0.003),compani (0.004),onlin (0.004),close (0.003),pictur (0.003),activ (0.003),worst (0.003),screen (0.003),instruct (0.004),big (0.003),full (0.003),
life (0.004),charg (0.004),case (0.003),con (0.004),speed (0.003),wo (0.003),cell (0.004),piec (0.004),camera (0.003),day (0.003),recommend (0.003),disappoint (0.004),pretti (0.003),proper (0.003),sd (0.003),web (0.003),help (0.004),plan (0.004),slow (0.003),find (0.003),worth (0.003),charger (0.003),answer (0.003),compar (0.004),problem (0.003),year (0.003),
impress (0.003),card (0.004),devic (0.003),type (0.004),version (0.003),mobil (0.003),purchas (0.004),top (0.004),buy (0.003),surpris (0.003),featur (0.003),super (0.003),return (0.003),arriv (0.003),text (0.003),help (0.003),disappoint (0.004),function (0.004),updat (0.003),week (0.003),thought (0.003),lot (0.003),process (0.003),number (0.004),hardwar (0.003),fast (0.003),
perform (0.003),call (0.004),review (0.003),softwar (0.004),verizon (0.003),comput (0.003),capabl (0.004),ago (0.004),loud (0.003),suck (0.003),break (0.003),small (0.003),sim (0.003),includ (0.003),thing (0.003),tech (0.003),user (0.004),option (0.004),hour (0.003),samsung (0.003),download (0.003),life (0.003),deal (0.003),light (0.004),simpl (0.003),loud (0.003),
excel (0.003),faster (0.003),bad (0.003),recommend (0.004),respons (0.003),upgrad (0.003),love (0.004),softwar (0.004),final (0.003),con (0.003),speaker (0.003),button (0.003),purchas (0.003),chang (0.003),better (0.003),allow (0.003),samsung (0.004),file (0.004),nokia (0.003),thing (0.003),function (0.003),charg (0.003),case (0.003),feel (0.004),experi (0.003),thought (0.003),
replac (0.003),help (0.003),servic (0.003),life (0.004),open (0.003),bad (0.003),problem (0.004),cheap (0.004),allow (0.003),color (0.003),order (0.003),expect (0.003),nice (0.003),talk (0.003),day (0.003),review (0.003),turn (0.004),figur (0.004),purchas (0.003),month (0.003),issu (0.003),three (0.003),total (0.003),custom (0.004),4g (0.003),data (0.003),
save (0.003),custom (0.003),manag (0.003),day (0.004),size (0.003),text (0.003),fine (0.003),disappoint (0.004),switch (0.003),volum (0.003),expect (0.003),huge (0.003),love (0.003),find (0.003),read (0.003),lg (0.003),product (0.004),respons (0.004),consid (0.003),app (0.003),product (0.003),black (0.003),spend (0.003),issu (0.004),googl (0.003),user (0.003),
mobil (0.003),expect (0.003),map (0.003),interfac (0.003),read (0.003),beat (0.003),life (0.003),play (0.004),internet (0.003),game (0.003),final (0.003),resolut (0.003),chang (0.003),samsung (0.003),user (0.003),fit (0.003),qualiti (0.004),smart (0.004),verizon (0.003),function (0.003),better (0.003),origin (0.003),wrong (0.003),wait (0.004),function (0.003),moto (0.003),
beat (0.003),nice (0.003),player (0.003),pictur (0.003),high (0.003),high (0.003),day (0.003),custom (0.004),order (0.003),store (0.003),compani (0.003),easili (0.003),reason (0.003),nice (0.003),set (0.003),iphon (0.003),coverag (0.003),network (0.003),second (0.003),devic (0.003),batteri (0.003),email (0.003),offer (0.003),low (0.004),updat (0.003),bluetooth (0.003),
devic (0.003),better (0.003),list (0.003),month (0.003),smart (0.003),card (0.003),plug (0.003),app (0.004),custom (0.003),awesom (0.003),open (0.003),htc (0.003),order (0.003),troubl (0.003),camera (0.003),screen (0.003),websit (0.003),high (0.003),galaxi (0.003),4g (0.003),lost (0.003),long (0.003),worth (0.003),window (0.004),samsung (0.003),switch (0.003),
compar (0.003),limit (0.003),slow (0.003),scratch (0.003),expect (0.003),hardwar (0.003),web (0.003),lose (0.003),month (0.003),signal (0.003),help (0.003),model (0.003),year (0.003),heavi (0.003),brand (0.003),read (0.003),rate (0.003),version (0.003),support (0.003),thought (0.003),fine (0.003),send (0.003),verizon (0.003),interfac (0.003),solid (0.003),second (0.003),
feel (0.003),front (0.003),small (0.003),smooth (0.003),issu (0.003),lumia (0.003),nokia (0.003),useless (0.003),nice (0.003),play (0.003),updat (0.003),open (0.003),text (0.003),longer (0.003),cover (0.003),cheap (0.003),suppos (0.003),fine (0.003),feel (0.003),att (0.003),pretti (0.003),feel (0.003),tmobil (0.003),figur (0.003),wait (0.003),galaxi (0.003),
absolut (0.003),model (0.003),receiv (0.003),real (0.003),turn (0.003),keyboard (0.003),bought (0.003),three (0.003),answer (0.003),charg (0.003),case (0.003),star (0.003),bar (0.003),con (0.003),seller (0.003),case (0.003),bluetooth (0.003),peopl (0.003),fine (0.003),lot (0.003),thing (0.003),replac (0.003),mail (0.003),color (0.003),hope (0.003),review (0.003),
surpris (0.003),deal (0.003),text (0.003),carri (0.003),android (0.003),version (0.003),audio (0.003),remov (0.003),check (0.003),averag (0.003),peopl (0.003),excel (0.003),help (0.003),design (0.003),open (0.003),better (0.003),deal (0.003),best (0.003),smart (0.003),fast (0.003),broke (0.003),countri (0.003),countri (0.003),switch (0.003),read (0.003),samsung (0.003),
thought (0.003),cheap (0.003),add (0.003),includ (0.003),processor (0.003),amaz (0.003),os (0.003),point (0.003),second (0.003),plastic (0.003),pretti (0.003),sound (0.003),updat (0.003),minut (0.002),galaxi (0.003),suck (0.003),softwar (0.003),recommend (0.003),month (0.003),appear (0.003),durabl (0.003),mention (0.003),damag (0.003),design (0.003),high (0.003),wo (0.003),
person (0.003),video (0.003),contact (0.003),compar (0.003),photo (0.003),googl (0.003),price (0.003),thought (0.003),star (0.003),horribl (0.003),easi (0.003),issu (0.003),pictur (0.003),thought (0.002),memori (0.003),option (0.003),happi (0.003),brows (0.003),card (0.003),proper (0.003),horribl (0.003),constant (0.003),respons (0.003),amaz (0.003),sound (0.003),bit (0.003),
os (0.003),purchas (0.003),wifi (0.003),galaxi (0.003),side (0.003),week (0.003),resolut (0.003),bit (0.003),talk (0.003),deal (0.003),reboot (0.003),lot (0.003),bought (0.003),amazon (0.002),best (0.003),voic (0.003),connect (0.003),applic (0.003),job (0.003),3g (0.003),learn (0.003),guess (0.003),hope (0.003),speaker (0.003),pros (0.003),mobil (0.003),
experi (0.003),flash (0.003),samsung (0.003),disappoint (0.003),check (0.003),day (0.003),volum (0.003),box (0.003),pictur (0.003),watch (0.002),proper (0.003),month (0.003),cut (0.003),receiv (0.002),current (0.003),friend (0.003),replac (0.003),list (0.003),smooth (0.003),compani (0.003),option (0.003),perform (0.003),nokia (0.003),download (0.003),satisfi (0.003),long (0.003),
decent (0.003),slow (0.003),better (0.003),app (0.003),hope (0.003),problem (0.003),recept (0.003),unlock (0.003),instruct (0.003),real (0.002),suck (0.003),perform (0.003),lag (0.003),fast (0.002),item (0.003),excel (0.003),wireless (0.003),bluetooth (0.003),design (0.003),help (0.003),seller (0.003),open (0.003),turn (0.003),smartphon (0.003),exact (0.003),expect (0.003),
free (0.003),power (0.003),ram (0.002),built (0.003),big (0.003),simpl (0.003),display (0.003),love (0.003),correct (0.003),care (0.002),hear (0.003),money (0.003),annoy (0.003),leav (0.002),amazon (0.003),connect (0.003),hate (0.003),life (0.003),model (0.003),reason (0.003),basic (0.003),turn (0.003),better (0.003),fine (0.003),save (0.003),unlock (0.003),
pictur (0.003),high (0.003),basic (0.002),super (0.003),learn (0.003),experi (0.003),flash (0.003),hit (0.003),pocket (0.003),compar (0.002),messag (0.003),nokia (0.003),system (0.003),reset (0.002),send (0.003),issu (0.003),absolut (0.003),bought (0.003),light (0.003),fine (0.003),softwar (0.003),nice (0.003),refurbish (0.003),button (0.003),hold (0.003),life (0.003),
extra (0.003),smart (0.003),help (0.002),box (0.003),load (0.003),product (0.003),slow (0.003),droid (0.003),lot (0.003),size (0.002),fast (0.003),sim (0.003),wo (0.003),comput (0.002),store (0.003),receiv (0.003),told (0.003),site (0.003),read (0.003),servic (0.003),amazon (0.003),direct (0.003),die (0.003),three (0.003),friend (0.003),hope (0.003),
verizon (0.003),lot (0.003),read (0.002),return (0.003),bright (0.003),fantast (0.002),email (0.003),lg (0.003),reset (0.003),talk (0.002),answer (0.003),bought (0.003),googl (0.003),blackberri (0.002),lot (0.003),person (0.003),point (0.003),check (0.003),function (0.003),rate (0.003),devic (0.003),advertis (0.003),extra (0.003),mine (0.003),light (0.003),star (0.003),
reliabl (0.002),qualiti (0.003),reason (0.002),best (0.003),blackberri (0.003),select (0.002),fast (0.003),compani (0.003),light (0.003),iphon (0.002),broken (0.003),despit (0.003),search (0.003),signal (0.002),recommend (0.003),email (0.003),free (0.003),basic (0.003),case (0.003),wrong (0.003),custom (0.003),care (0.003),complet (0.003),point (0.003),mobil (0.003),turn (0.003),
fantast (0.002),boost (0.003),data (0.002),receiv (0.003),full (0.003),access (0.002),game (0.003),minut (0.003),tmobil (0.003),servic (0.002),exact (0.003),dual (0.003),instal (0.003),hope (0.002),android (0.003),peopl (0.003),excel (0.003),hour (0.003),drop (0.003),blackberri (0.003),suck (0.003),freez (0.003),cost (0.003),recept (0.003),custom (0.003),audio (0.002),
top (0.002),process (0.003),addit (0.002),card (0.003),drop (0.003),deal (0.002),light (0.003),model (0.003),program (0.003),build (0.002),extrem (0.003),list (0.003),qualiti (0.003),data (0.002),account (0.002),find (0.003),big (0.003),automat (0.003),devic (0.003),list (0.003),warranti (0.003),ship (0.003),second (0.003),free (0.003),set (0.003),durabl (0.002),
fact (0.002),pick (0.003),lack (0.002),easier (0.002),peopl (0.003),pictur (0.002),internet (0.003),open (0.003),speaker (0.003),half (0.002),half (0.003),bit (0.003),buy (0.003),servic (0.002),advertis (0.002),best (0.003),find (0.003),load (0.003),review (0.003),awesom (0.003),lumia (0.003),wait (0.003),featur (0.003),motorola (0.003),receiv (0.003),enjoy (0.002),
model (0.002),load (0.003),check (0.002),terribl (0.002),recommend (0.003),issu (0.002),find (0.003),slow (0.003),help (0.003),storag (0.002),arriv (0.003),low (0.003),respond (0.003),android (0.002),access (0.002),lot (0.003),tmobil (0.003),smartphon (0.003),replac (0.003),cover (0.003),experi (0.003),htc (0.003),app (0.003),galaxi (0.003),turn (0.003),carrier (0.002),
star (0.002),gps (0.003),system (0.002),worth (0.002),write (0.003),lag (0.002),top (0.003),charger (0.003),drop (0.003),softwar (0.002),cost (0.003),basic (0.003),browser (0.003),correct (0.002),wo (0.002),recommend (0.003),text (0.003),tmobil (0.003),unlock (0.003),model (0.003),version (0.003),number (0.003),respond (0.003),hour (0.003),budget (0.002),wait (0.002),
data (0.002),option (0.003),bit (0.002),low (0.002),blu (0.003),offer (0.002),access (0.003),perfect (0.003),user (0.003),read (0.002),low (0.003),reason (0.003),stuck (0.003),half (0.002),replac (0.002),android (0.003),featur (0.003),listen (0.003),lag (0.002),deal (0.003),high (0.003),sound (0.003),hour (0.003),iphon (0.003),white (0.002),chang (0.002),
amazon (0.002),display (0.003),perfect (0.002),turn (0.002),simpli (0.003),impress (0.002),easili (0.003),receiv (0.003),window (0.003),cheap (0.002),mobil (0.003),perfect (0.003),usag (0.003),remov (0.002),issu (0.002),app (0.003),app (0.003),point (0.003),port (0.002),high (0.003),att (0.003),function (0.003),iphon (0.003),month (0.003),issu (0.002),att (0.002),
